## Footprint report - date 2026-08-26T23:37:41-0400
## Created by KiCad version 8.0.8
## Unit = mm, Angle = deg.

$BeginDESCRIPTION

$BOARD
upper_left_corner 98.166440 44.750000
lower_right_corner 161.500000 137.500000
$EndBOARD

$MODULE C1
footprint Capacitor_SMD:C_0402_1005Metric
attribut smd
position 139.750000 75.250000  orientation 90.00
layer back
$PAD "1"
Shape Roundrect Layer back
position -0.480000  0.000000  size  0.560000  0.620000  orientation 0.00
drill  0.000000
shape_offset  0.000000  0.000000
$EndPAD
$PAD "2"
Shape Roundrect Layer back
position  0.480000  0.000000  size  0.560000  0.620000  orientation 0.00
drill  0.000000
shape_offset  0.000000  0.000000
$EndPAD
$EndMODULE  C1

$MODULE C2
footprint Capacitor_SMD:C_0402_1005Metric
attribut smd
position 148.650000 77.750000  orientation 90.00
layer back
$PAD "1"
Shape Roundrect Layer back
position -0.480000  0.000000  size  0.560000  0.620000  orientation 0.00
drill  0.000000
shape_offset  0.000000  0.000000
$EndPAD
$PAD "2"
Shape Roundrect Layer back
position  0.480000  0.000000  size  0.560000  0.620000  orientation 0.00
drill  0.000000
shape_offset  0.000000  0.000000
$EndPAD
$EndMODULE  C2

$MODULE C3
footprint Capacitor_SMD:C_0402_1005Metric
attribut smd
position 149.750000 81.800000  orientation 0.00
layer back
$PAD "1"
Shape Roundrect Layer back
position -0.480000  0.000000  size  0.560000  0.620000  orientation 0.00
drill  0.000000
shape_offset  0.000000  0.000000
$EndPAD
$PAD "2"
Shape Roundrect Layer back
position  0.480000  0.000000  size  0.560000  0.620000  orientation 0.00
drill  0.000000
shape_offset  0.000000  0.000000
$EndPAD
$EndMODULE  C3

$MODULE C4
footprint Capacitor_SMD:C_0402_1005Metric
attribut smd
position 138.720000 77.750000  orientation 180.00
layer back
$PAD "1"
Shape Roundrect Layer back
position -0.480000  0.000000  size  0.560000  0.620000  orientation 0.00
drill  0.000000
shape_offset  0.000000  0.000000
$EndPAD
$PAD "2"
Shape Roundrect Layer back
position  0.480000  0.000000  size  0.560000  0.620000  orientation 0.00
drill  0.000000
shape_offset  0.000000  0.000000
$EndPAD
$EndMODULE  C4

$MODULE C5
footprint Capacitor_SMD:C_0402_1005Metric
attribut smd
position 138.250000 81.800000  orientation 180.00
layer back
$PAD "1"
Shape Roundrect Layer back
position -0.480000  0.000000  size  0.560000  0.620000  orientation 0.00
drill  0.000000
shape_offset  0.000000  0.000000
$EndPAD
$PAD "2"
Shape Roundrect Layer back
position  0.480000  0.000000  size  0.560000  0.620000  orientation 0.00
drill  0.000000
shape_offset  0.000000  0.000000
$EndPAD
$EndMODULE  C5

$MODULE C6
footprint Capacitor_SMD:C_0402_1005Metric
attribut smd
position 141.905000 86.480000  orientation -90.00
layer back
$PAD "1"
Shape Roundrect Layer back
position -0.480000  0.000000  size  0.560000  0.620000  orientation 360.00
drill  0.000000
shape_offset  0.000000  0.000000
$EndPAD
$PAD "2"
Shape Roundrect Layer back
position  0.480000  0.000000  size  0.560000  0.620000  orientation 360.00
drill  0.000000
shape_offset  0.000000  0.000000
$EndPAD
$EndMODULE  C6

$MODULE C7
footprint Capacitor_SMD:C_0402_1005Metric
attribut smd
position 143.250000 70.750000  orientation 90.00
layer back
$PAD "1"
Shape Roundrect Layer back
position -0.480000  0.000000  size  0.560000  0.620000  orientation 0.00
drill  0.000000
shape_offset  0.000000  0.000000
$EndPAD
$PAD "2"
Shape Roundrect Layer back
position  0.480000  0.000000  size  0.560000  0.620000  orientation 0.00
drill  0.000000
shape_offset  0.000000  0.000000
$EndPAD
$EndMODULE  C7

$MODULE C8
footprint Capacitor_SMD:C_0402_1005Metric
attribut smd
position 142.250000 70.480000  orientation 90.00
layer back
$PAD "1"
Shape Roundrect Layer back
position -0.480000  0.000000  size  0.560000  0.620000  orientation 0.00
drill  0.000000
shape_offset  0.000000  0.000000
$EndPAD
$PAD "2"
Shape Roundrect Layer back
position  0.480000  0.000000  size  0.560000  0.620000  orientation 0.00
drill  0.000000
shape_offset  0.000000  0.000000
$EndPAD
$EndMODULE  C8

$MODULE C9
footprint Capacitor_SMD:C_0402_1005Metric
attribut smd
position 138.750000 75.250000  orientation 90.00
layer back
$PAD "1"
Shape Roundrect Layer back
position -0.480000  0.000000  size  0.560000  0.620000  orientation 0.00
drill  0.000000
shape_offset  0.000000  0.000000
$EndPAD
$PAD "2"
Shape Roundrect Layer back
position  0.480000  0.000000  size  0.560000  0.620000  orientation 0.00
drill  0.000000
shape_offset  0.000000  0.000000
$EndPAD
$EndMODULE  C9

$MODULE C10
footprint Capacitor_SMD:C_0402_1005Metric
attribut smd
position 140.750000 75.250000  orientation 90.00
layer back
$PAD "1"
Shape Roundrect Layer back
position -0.480000  0.000000  size  0.560000  0.620000  orientation 0.00
drill  0.000000
shape_offset  0.000000  0.000000
$EndPAD
$PAD "2"
Shape Roundrect Layer back
position  0.480000  0.000000  size  0.560000  0.620000  orientation 0.00
drill  0.000000
shape_offset  0.000000  0.000000
$EndPAD
$EndMODULE  C10

$MODULE C11
footprint Capacitor_SMD:C_0402_1005Metric
attribut smd
position 140.805000 86.480000  orientation -90.00
layer back
$PAD "1"
Shape Roundrect Layer back
position -0.480000  0.000000  size  0.560000  0.620000  orientation 360.00
drill  0.000000
shape_offset  0.000000  0.000000
$EndPAD
$PAD "2"
Shape Roundrect Layer back
position  0.480000  0.000000  size  0.560000  0.620000  orientation 360.00
drill  0.000000
shape_offset  0.000000  0.000000
$EndPAD
$EndMODULE  C11

$MODULE C12
footprint Capacitor_SMD:C_0402_1005Metric
attribut smd
position 144.500000 71.770000  orientation 90.00
layer back
$PAD "1"
Shape Roundrect Layer back
position -0.480000  0.000000  size  0.560000  0.620000  orientation 0.00
drill  0.000000
shape_offset  0.000000  0.000000
$EndPAD
$PAD "2"
Shape Roundrect Layer back
position  0.480000  0.000000  size  0.560000  0.620000  orientation 0.00
drill  0.000000
shape_offset  0.000000  0.000000
$EndPAD
$EndMODULE  C12

$MODULE C13
footprint Capacitor_SMD:C_0603_1608Metric
attribut smd
position 128.975000 61.250000  orientation 180.00
layer back
$PAD "1"
Shape Roundrect Layer back
position -0.775000  0.000000  size  0.900000  0.950000  orientation 0.00
drill  0.000000
shape_offset  0.000000  0.000000
$EndPAD
$PAD "2"
Shape Roundrect Layer back
position  0.775000  0.000000  size  0.900000  0.950000  orientation 0.00
drill  0.000000
shape_offset  0.000000  0.000000
$EndPAD
$EndMODULE  C13

$MODULE C14
footprint Capacitor_SMD:C_0603_1608Metric
attribut smd
position 132.250000 71.250000  orientation -90.00
layer back
$PAD "1"
Shape Roundrect Layer back
position -0.775000  0.000000  size  0.900000  0.950000  orientation 360.00
drill  0.000000
shape_offset  0.000000  0.000000
$EndPAD
$PAD "2"
Shape Roundrect Layer back
position  0.775000  0.000000  size  0.900000  0.950000  orientation 360.00
drill  0.000000
shape_offset  0.000000  0.000000
$EndPAD
$EndMODULE  C14

$MODULE C15
footprint Capacitor_SMD:C_0402_1005Metric
attribut smd
position 147.555000 88.500000  orientation -90.00
layer back
$PAD "1"
Shape Roundrect Layer back
position -0.480000  0.000000  size  0.560000  0.620000  orientation 360.00
drill  0.000000
shape_offset  0.000000  0.000000
$EndPAD
$PAD "2"
Shape Roundrect Layer back
position  0.480000  0.000000  size  0.560000  0.620000  orientation 360.00
drill  0.000000
shape_offset  0.000000  0.000000
$EndPAD
$EndMODULE  C15

$MODULE C16
footprint Capacitor_SMD:C_0402_1005Metric
attribut smd
position 142.255000 88.500000  orientation 90.00
layer back
$PAD "1"
Shape Roundrect Layer back
position -0.480000  0.000000  size  0.560000  0.620000  orientation 0.00
drill  0.000000
shape_offset  0.000000  0.000000
$EndPAD
$PAD "2"
Shape Roundrect Layer back
position  0.480000  0.000000  size  0.560000  0.620000  orientation 0.00
drill  0.000000
shape_offset  0.000000  0.000000
$EndPAD
$EndMODULE  C16

$MODULE C17
footprint Capacitor_SMD:C_0402_1005Metric
attribut smd
position 146.180000 71.300000  orientation 0.00
layer back
$PAD "1"
Shape Roundrect Layer back
position -0.480000  0.000000  size  0.560000  0.620000  orientation 0.00
drill  0.000000
shape_offset  0.000000  0.000000
$EndPAD
$PAD "2"
Shape Roundrect Layer back
position  0.480000  0.000000  size  0.560000  0.620000  orientation 0.00
drill  0.000000
shape_offset  0.000000  0.000000
$EndPAD
$EndMODULE  C17

$MODULE C18
footprint Capacitor_SMD:C_0603_1608Metric
attribut smd
position 106.000000 61.000000  orientation 180.00
layer back
$PAD "1"
Shape Roundrect Layer back
position -0.775000  0.000000  size  0.900000  0.950000  orientation 0.00
drill  0.000000
shape_offset  0.000000  0.000000
$EndPAD
$PAD "2"
Shape Roundrect Layer back
position  0.775000  0.000000  size  0.900000  0.950000  orientation 0.00
drill  0.000000
shape_offset  0.000000  0.000000
$EndPAD
$EndMODULE  C18

$MODULE C19
footprint Capacitor_SMD:C_0603_1608Metric
attribut smd
position 112.025000 72.000000  orientation 0.00
layer back
$PAD "1"
Shape Roundrect Layer back
position -0.775000  0.000000  size  0.900000  0.950000  orientation 0.00
drill  0.000000
shape_offset  0.000000  0.000000
$EndPAD
$PAD "2"
Shape Roundrect Layer back
position  0.775000  0.000000  size  0.900000  0.950000  orientation 0.00
drill  0.000000
shape_offset  0.000000  0.000000
$EndPAD
$EndMODULE  C19

$MODULE C20
footprint Capacitor_SMD:C_0402_1005Metric
attribut smd
position 114.750000 75.250000  orientation 90.00
layer back
$PAD "1"
Shape Roundrect Layer back
position -0.480000  0.000000  size  0.560000  0.620000  orientation 0.00
drill  0.000000
shape_offset  0.000000  0.000000
$EndPAD
$PAD "2"
Shape Roundrect Layer back
position  0.480000  0.000000  size  0.560000  0.620000  orientation 0.00
drill  0.000000
shape_offset  0.000000  0.000000
$EndPAD
$EndMODULE  C20

$MODULE C21
footprint Capacitor_SMD:C_0402_1005Metric
attribut smd
position 121.550000 88.600000  orientation -90.00
layer back
$PAD "1"
Shape Roundrect Layer back
position -0.480000  0.000000  size  0.560000  0.620000  orientation 360.00
drill  0.000000
shape_offset  0.000000  0.000000
$EndPAD
$PAD "2"
Shape Roundrect Layer back
position  0.480000  0.000000  size  0.560000  0.620000  orientation 360.00
drill  0.000000
shape_offset  0.000000  0.000000
$EndPAD
$EndMODULE  C21

$MODULE C22
footprint Capacitor_SMD:C_0402_1005Metric
attribut smd
position 116.250000 88.600000  orientation 90.00
layer back
$PAD "1"
Shape Roundrect Layer back
position -0.480000  0.000000  size  0.560000  0.620000  orientation 0.00
drill  0.000000
shape_offset  0.000000  0.000000
$EndPAD
$PAD "2"
Shape Roundrect Layer back
position  0.480000  0.000000  size  0.560000  0.620000  orientation 0.00
drill  0.000000
shape_offset  0.000000  0.000000
$EndPAD
$EndMODULE  C22

$MODULE C23
footprint Capacitor_SMD:C_0402_1005Metric
attribut smd
position 118.500000 72.000000  orientation 90.00
layer back
$PAD "1"
Shape Roundrect Layer back
position -0.480000  0.000000  size  0.560000  0.620000  orientation 0.00
drill  0.000000
shape_offset  0.000000  0.000000
$EndPAD
$PAD "2"
Shape Roundrect Layer back
position  0.480000  0.000000  size  0.560000  0.620000  orientation 0.00
drill  0.000000
shape_offset  0.000000  0.000000
$EndPAD
$EndMODULE  C23

$MODULE C24
footprint Capacitor_SMD:C_0402_1005Metric
attribut smd
position 115.000000 86.500000  orientation -90.00
layer back
$PAD "1"
Shape Roundrect Layer back
position -0.480000  0.000000  size  0.560000  0.620000  orientation 360.00
drill  0.000000
shape_offset  0.000000  0.000000
$EndPAD
$PAD "2"
Shape Roundrect Layer back
position  0.480000  0.000000  size  0.560000  0.620000  orientation 360.00
drill  0.000000
shape_offset  0.000000  0.000000
$EndPAD
$EndMODULE  C24

$MODULE C25
footprint Capacitor_SMD:C_0402_1005Metric
attribut smd
position 113.750000 75.250000  orientation 90.00
layer back
$PAD "1"
Shape Roundrect Layer back
position -0.480000  0.000000  size  0.560000  0.620000  orientation 0.00
drill  0.000000
shape_offset  0.000000  0.000000
$EndPAD
$PAD "2"
Shape Roundrect Layer back
position  0.480000  0.000000  size  0.560000  0.620000  orientation 0.00
drill  0.000000
shape_offset  0.000000  0.000000
$EndPAD
$EndMODULE  C25

$MODULE C26
footprint Capacitor_SMD:C_0402_1005Metric
attribut smd
position 122.750000 76.750000  orientation 90.00
layer back
$PAD "1"
Shape Roundrect Layer back
position -0.480000  0.000000  size  0.560000  0.620000  orientation 0.00
drill  0.000000
shape_offset  0.000000  0.000000
$EndPAD
$PAD "2"
Shape Roundrect Layer back
position  0.480000  0.000000  size  0.560000  0.620000  orientation 0.00
drill  0.000000
shape_offset  0.000000  0.000000
$EndPAD
$EndMODULE  C26

$MODULE C27
footprint Capacitor_SMD:C_0402_1005Metric
attribut smd
position 120.250000 71.250000  orientation 0.00
layer back
$PAD "1"
Shape Roundrect Layer back
position -0.480000  0.000000  size  0.560000  0.620000  orientation 0.00
drill  0.000000
shape_offset  0.000000  0.000000
$EndPAD
$PAD "2"
Shape Roundrect Layer back
position  0.480000  0.000000  size  0.560000  0.620000  orientation 0.00
drill  0.000000
shape_offset  0.000000  0.000000
$EndPAD
$EndMODULE  C27

$MODULE C28
footprint Capacitor_SMD:C_0402_1005Metric
attribut smd
position 123.500000 81.800000  orientation 0.00
layer back
$PAD "1"
Shape Roundrect Layer back
position -0.480000  0.000000  size  0.560000  0.620000  orientation 0.00
drill  0.000000
shape_offset  0.000000  0.000000
$EndPAD
$PAD "2"
Shape Roundrect Layer back
position  0.480000  0.000000  size  0.560000  0.620000  orientation 0.00
drill  0.000000
shape_offset  0.000000  0.000000
$EndPAD
$EndMODULE  C28

$MODULE C29
footprint Capacitor_SMD:C_0402_1005Metric
attribut smd
position 112.750000 77.750000  orientation 180.00
layer back
$PAD "1"
Shape Roundrect Layer back
position -0.480000  0.000000  size  0.560000  0.620000  orientation 0.00
drill  0.000000
shape_offset  0.000000  0.000000
$EndPAD
$PAD "2"
Shape Roundrect Layer back
position  0.480000  0.000000  size  0.560000  0.620000  orientation 0.00
drill  0.000000
shape_offset  0.000000  0.000000
$EndPAD
$EndMODULE  C29

$MODULE C30
footprint Capacitor_SMD:C_0402_1005Metric
attribut smd
position 112.750000 81.800000  orientation 180.00
layer back
$PAD "1"
Shape Roundrect Layer back
position -0.480000  0.000000  size  0.560000  0.620000  orientation 0.00
drill  0.000000
shape_offset  0.000000  0.000000
$EndPAD
$PAD "2"
Shape Roundrect Layer back
position  0.480000  0.000000  size  0.560000  0.620000  orientation 0.00
drill  0.000000
shape_offset  0.000000  0.000000
$EndPAD
$EndMODULE  C30

$MODULE C31
footprint Capacitor_SMD:C_0402_1005Metric
attribut smd
position 112.750000 75.250000  orientation 90.00
layer back
$PAD "1"
Shape Roundrect Layer back
position -0.480000  0.000000  size  0.560000  0.620000  orientation 0.00
drill  0.000000
shape_offset  0.000000  0.000000
$EndPAD
$PAD "2"
Shape Roundrect Layer back
position  0.480000  0.000000  size  0.560000  0.620000  orientation 0.00
drill  0.000000
shape_offset  0.000000  0.000000
$EndPAD
$EndMODULE  C31

$MODULE C32
footprint Capacitor_SMD:C_0402_1005Metric
attribut smd
position 116.000000 86.500000  orientation -90.00
layer back
$PAD "1"
Shape Roundrect Layer back
position -0.480000  0.000000  size  0.560000  0.620000  orientation 360.00
drill  0.000000
shape_offset  0.000000  0.000000
$EndPAD
$PAD "2"
Shape Roundrect Layer back
position  0.480000  0.000000  size  0.560000  0.620000  orientation 360.00
drill  0.000000
shape_offset  0.000000  0.000000
$EndPAD
$EndMODULE  C32

$MODULE C33
footprint Capacitor_SMD:C_0402_1005Metric
attribut smd
position 117.250000 70.750000  orientation 90.00
layer back
$PAD "1"
Shape Roundrect Layer back
position -0.480000  0.000000  size  0.560000  0.620000  orientation 0.00
drill  0.000000
shape_offset  0.000000  0.000000
$EndPAD
$PAD "2"
Shape Roundrect Layer back
position  0.480000  0.000000  size  0.560000  0.620000  orientation 0.00
drill  0.000000
shape_offset  0.000000  0.000000
$EndPAD
$EndMODULE  C33

$MODULE C34
footprint Capacitor_SMD:C_0402_1005Metric
attribut smd
position 116.250000 70.250000  orientation 90.00
layer back
$PAD "1"
Shape Roundrect Layer back
position -0.480000  0.000000  size  0.560000  0.620000  orientation 0.00
drill  0.000000
shape_offset  0.000000  0.000000
$EndPAD
$PAD "2"
Shape Roundrect Layer back
position  0.480000  0.000000  size  0.560000  0.620000  orientation 0.00
drill  0.000000
shape_offset  0.000000  0.000000
$EndPAD
$EndMODULE  C34

$MODULE C35
footprint Capacitor_SMD:C_0402_1005Metric
attribut smd
position 135.250000 83.750000  orientation 0.00
layer back
$PAD "1"
Shape Roundrect Layer back
position -0.480000  0.000000  size  0.560000  0.620000  orientation 0.00
drill  0.000000
shape_offset  0.000000  0.000000
$EndPAD
$PAD "2"
Shape Roundrect Layer back
position  0.480000  0.000000  size  0.560000  0.620000  orientation 0.00
drill  0.000000
shape_offset  0.000000  0.000000
$EndPAD
$EndMODULE  C35

$MODULE C36
footprint Capacitor_SMD:C_0402_1005Metric
attribut smd
position 135.250000 82.750000  orientation 0.00
layer back
$PAD "1"
Shape Roundrect Layer back
position -0.480000  0.000000  size  0.560000  0.620000  orientation 0.00
drill  0.000000
shape_offset  0.000000  0.000000
$EndPAD
$PAD "2"
Shape Roundrect Layer back
position  0.480000  0.000000  size  0.560000  0.620000  orientation 0.00
drill  0.000000
shape_offset  0.000000  0.000000
$EndPAD
$EndMODULE  C36

$MODULE C37
footprint Capacitor_SMD:C_0402_1005Metric
attribut smd
position 128.750000 85.750000  orientation -90.00
layer back
$PAD "1"
Shape Roundrect Layer back
position -0.480000  0.000000  size  0.560000  0.620000  orientation 360.00
drill  0.000000
shape_offset  0.000000  0.000000
$EndPAD
$PAD "2"
Shape Roundrect Layer back
position  0.480000  0.000000  size  0.560000  0.620000  orientation 360.00
drill  0.000000
shape_offset  0.000000  0.000000
$EndPAD
$EndMODULE  C37

$MODULE C38
footprint Capacitor_SMD:C_0402_1005Metric
attribut smd
position 127.750000 85.750000  orientation -90.00
layer back
$PAD "1"
Shape Roundrect Layer back
position -0.480000  0.000000  size  0.560000  0.620000  orientation 360.00
drill  0.000000
shape_offset  0.000000  0.000000
$EndPAD
$PAD "2"
Shape Roundrect Layer back
position  0.480000  0.000000  size  0.560000  0.620000  orientation 360.00
drill  0.000000
shape_offset  0.000000  0.000000
$EndPAD
$EndMODULE  C38

$MODULE C39
footprint Capacitor_SMD:C_0402_1005Metric
attribut smd
position 134.250000 76.250000  orientation 0.00
layer back
$PAD "1"
Shape Roundrect Layer back
position -0.480000  0.000000  size  0.560000  0.620000  orientation 0.00
drill  0.000000
shape_offset  0.000000  0.000000
$EndPAD
$PAD "2"
Shape Roundrect Layer back
position  0.480000  0.000000  size  0.560000  0.620000  orientation 0.00
drill  0.000000
shape_offset  0.000000  0.000000
$EndPAD
$EndMODULE  C39

$MODULE C40
footprint Capacitor_SMD:C_0402_1005Metric
attribut smd
position 134.250000 75.250000  orientation 0.00
layer back
$PAD "1"
Shape Roundrect Layer back
position -0.480000  0.000000  size  0.560000  0.620000  orientation 0.00
drill  0.000000
shape_offset  0.000000  0.000000
$EndPAD
$PAD "2"
Shape Roundrect Layer back
position  0.480000  0.000000  size  0.560000  0.620000  orientation 0.00
drill  0.000000
shape_offset  0.000000  0.000000
$EndPAD
$EndMODULE  C40

$MODULE C41
footprint Capacitor_SMD:C_0402_1005Metric
attribut smd
position 132.375000 85.250000  orientation 180.00
layer back
$PAD "1"
Shape Roundrect Layer back
position -0.480000  0.000000  size  0.560000  0.620000  orientation 0.00
drill  0.000000
shape_offset  0.000000  0.000000
$EndPAD
$PAD "2"
Shape Roundrect Layer back
position  0.480000  0.000000  size  0.560000  0.620000  orientation 0.00
drill  0.000000
shape_offset  0.000000  0.000000
$EndPAD
$EndMODULE  C41

$MODULE C42
footprint Capacitor_SMD:C_0402_1005Metric
attribut smd
position 131.500000 86.250000  orientation 0.00
layer back
$PAD "1"
Shape Roundrect Layer back
position -0.480000  0.000000  size  0.560000  0.620000  orientation 0.00
drill  0.000000
shape_offset  0.000000  0.000000
$EndPAD
$PAD "2"
Shape Roundrect Layer back
position  0.480000  0.000000  size  0.560000  0.620000  orientation 0.00
drill  0.000000
shape_offset  0.000000  0.000000
$EndPAD
$EndMODULE  C42

$MODULE C43
footprint Capacitor_SMD:C_0402_1005Metric
attribut smd
position 132.375000 75.862500  orientation 90.00
layer back
$PAD "1"
Shape Roundrect Layer back
position -0.480000  0.000000  size  0.560000  0.620000  orientation 0.00
drill  0.000000
shape_offset  0.000000  0.000000
$EndPAD
$PAD "2"
Shape Roundrect Layer back
position  0.480000  0.000000  size  0.560000  0.620000  orientation 0.00
drill  0.000000
shape_offset  0.000000  0.000000
$EndPAD
$EndMODULE  C43

$MODULE C44
footprint Capacitor_SMD:C_0402_1005Metric
attribut smd
position 127.250000 95.730000  orientation -90.00
layer back
$PAD "1"
Shape Roundrect Layer back
position -0.480000  0.000000  size  0.560000  0.620000  orientation 360.00
drill  0.000000
shape_offset  0.000000  0.000000
$EndPAD
$PAD "2"
Shape Roundrect Layer back
position  0.480000  0.000000  size  0.560000  0.620000  orientation 360.00
drill  0.000000
shape_offset  0.000000  0.000000
$EndPAD
$EndMODULE  C44

$MODULE C45
footprint Capacitor_SMD:C_0402_1005Metric
attribut smd
position 128.750000 89.250000  orientation -90.00
layer back
$PAD "1"
Shape Roundrect Layer back
position -0.480000  0.000000  size  0.560000  0.620000  orientation 360.00
drill  0.000000
shape_offset  0.000000  0.000000
$EndPAD
$PAD "2"
Shape Roundrect Layer back
position  0.480000  0.000000  size  0.560000  0.620000  orientation 360.00
drill  0.000000
shape_offset  0.000000  0.000000
$EndPAD
$EndMODULE  C45

$MODULE C46
footprint Capacitor_SMD:C_0402_1005Metric
attribut smd
position 132.730000 64.750000  orientation 0.00
layer back
$PAD "1"
Shape Roundrect Layer back
position -0.480000  0.000000  size  0.560000  0.620000  orientation 0.00
drill  0.000000
shape_offset  0.000000  0.000000
$EndPAD
$PAD "2"
Shape Roundrect Layer back
position  0.480000  0.000000  size  0.560000  0.620000  orientation 0.00
drill  0.000000
shape_offset  0.000000  0.000000
$EndPAD
$EndMODULE  C46

$MODULE C47
footprint Capacitor_SMD:C_0402_1005Metric
attribut smd
position 136.250000 69.500000  orientation 0.00
layer back
$PAD "1"
Shape Roundrect Layer back
position -0.480000  0.000000  size  0.560000  0.620000  orientation 0.00
drill  0.000000
shape_offset  0.000000  0.000000
$EndPAD
$PAD "2"
Shape Roundrect Layer back
position  0.480000  0.000000  size  0.560000  0.620000  orientation 0.00
drill  0.000000
shape_offset  0.000000  0.000000
$EndPAD
$EndMODULE  C47

$MODULE C48
footprint Capacitor_SMD:C_0402_1005Metric
attribut smd
position 138.500000 96.500000  orientation 0.00
layer back
$PAD "1"
Shape Roundrect Layer back
position -0.480000  0.000000  size  0.560000  0.620000  orientation 0.00
drill  0.000000
shape_offset  0.000000  0.000000
$EndPAD
$PAD "2"
Shape Roundrect Layer back
position  0.480000  0.000000  size  0.560000  0.620000  orientation 0.00
drill  0.000000
shape_offset  0.000000  0.000000
$EndPAD
$EndMODULE  C48

$MODULE C49
footprint Capacitor_SMD:C_0402_1005Metric
attribut smd
position 127.750000 89.250000  orientation -90.00
layer back
$PAD "1"
Shape Roundrect Layer back
position -0.480000  0.000000  size  0.560000  0.620000  orientation 360.00
drill  0.000000
shape_offset  0.000000  0.000000
$EndPAD
$PAD "2"
Shape Roundrect Layer back
position  0.480000  0.000000  size  0.560000  0.620000  orientation 360.00
drill  0.000000
shape_offset  0.000000  0.000000
$EndPAD
$EndMODULE  C49

$MODULE C50
footprint Capacitor_SMD:C_0402_1005Metric
attribut smd
position 128.750000 95.250000  orientation 0.00
layer back
$PAD "1"
Shape Roundrect Layer back
position -0.480000  0.000000  size  0.560000  0.620000  orientation 0.00
drill  0.000000
shape_offset  0.000000  0.000000
$EndPAD
$PAD "2"
Shape Roundrect Layer back
position  0.480000  0.000000  size  0.560000  0.620000  orientation 0.00
drill  0.000000
shape_offset  0.000000  0.000000
$EndPAD
$EndMODULE  C50

$MODULE C51
footprint Capacitor_SMD:C_0402_1005Metric
attribut smd
position 131.000000 94.770000  orientation 90.00
layer back
$PAD "1"
Shape Roundrect Layer back
position -0.480000  0.000000  size  0.560000  0.620000  orientation 0.00
drill  0.000000
shape_offset  0.000000  0.000000
$EndPAD
$PAD "2"
Shape Roundrect Layer back
position  0.480000  0.000000  size  0.560000  0.620000  orientation 0.00
drill  0.000000
shape_offset  0.000000  0.000000
$EndPAD
$EndMODULE  C51

$MODULE C52
footprint Capacitor_SMD:C_0402_1005Metric
attribut smd
position 125.000000 89.750000  orientation 0.00
layer back
$PAD "1"
Shape Roundrect Layer back
position -0.480000  0.000000  size  0.560000  0.620000  orientation 0.00
drill  0.000000
shape_offset  0.000000  0.000000
$EndPAD
$PAD "2"
Shape Roundrect Layer back
position  0.480000  0.000000  size  0.560000  0.620000  orientation 0.00
drill  0.000000
shape_offset  0.000000  0.000000
$EndPAD
$EndMODULE  C52

$MODULE D1
footprint Diode_SMD:D_SMA
attribut smd
position 122.000000 65.250000  orientation 90.00
layer back
$PAD "1"
Shape Roundrect Layer back
position -2.000000  0.000000  size  2.500000  1.800000  orientation 0.00
drill  0.000000
shape_offset  0.000000  0.000000
$EndPAD
$PAD "2"
Shape Roundrect Layer back
position  2.000000  0.000000  size  2.500000  1.800000  orientation 0.00
drill  0.000000
shape_offset  0.000000  0.000000
$EndPAD
$EndMODULE  D1

$MODULE D2
footprint Diode_SMD:D_SMA
attribut smd
position 118.250000 65.250000  orientation 90.00
layer back
$PAD "1"
Shape Roundrect Layer back
position -2.000000  0.000000  size  2.500000  1.800000  orientation 0.00
drill  0.000000
shape_offset  0.000000  0.000000
$EndPAD
$PAD "2"
Shape Roundrect Layer back
position  2.000000  0.000000  size  2.500000  1.800000  orientation 0.00
drill  0.000000
shape_offset  0.000000  0.000000
$EndPAD
$EndMODULE  D2

$MODULE D3
footprint LED_SMD:LED_0603_1608Metric
attribut smd
position 135.000000 87.750000  orientation 0.00
layer back
$PAD "1"
Shape Roundrect Layer back
position -0.787500  0.000000  size  0.875000  0.950000  orientation 0.00
drill  0.000000
shape_offset  0.000000  0.000000
$EndPAD
$PAD "2"
Shape Roundrect Layer back
position  0.787500  0.000000  size  0.875000  0.950000  orientation 0.00
drill  0.000000
shape_offset  0.000000  0.000000
$EndPAD
$EndMODULE  D3

$MODULE D4
footprint LED_SMD:LED_0603_1608Metric
attribut smd
position 109.000000 76.250000  orientation 0.00
layer back
$PAD "1"
Shape Roundrect Layer back
position -0.787500  0.000000  size  0.875000  0.950000  orientation 0.00
drill  0.000000
shape_offset  0.000000  0.000000
$EndPAD
$PAD "2"
Shape Roundrect Layer back
position  0.787500  0.000000  size  0.875000  0.950000  orientation 0.00
drill  0.000000
shape_offset  0.000000  0.000000
$EndPAD
$EndMODULE  D4

$MODULE D5
footprint LED_SMD:LED_0603_1608Metric
attribut smd
position 155.000000 115.750000  orientation 90.00
layer back
$PAD "1"
Shape Roundrect Layer back
position -0.787500  0.000000  size  0.875000  0.950000  orientation 0.00
drill  0.000000
shape_offset  0.000000  0.000000
$EndPAD
$PAD "2"
Shape Roundrect Layer back
position  0.787500  0.000000  size  0.875000  0.950000  orientation 0.00
drill  0.000000
shape_offset  0.000000  0.000000
$EndPAD
$EndMODULE  D5

$MODULE D9
footprint LED_SMD:LED_0603_1608Metric
attribut smd
position 134.962500 89.750000  orientation 0.00
layer back
$PAD "1"
Shape Roundrect Layer back
position -0.787500  0.000000  size  0.875000  0.950000  orientation 0.00
drill  0.000000
shape_offset  0.000000  0.000000
$EndPAD
$PAD "2"
Shape Roundrect Layer back
position  0.787500  0.000000  size  0.875000  0.950000  orientation 0.00
drill  0.000000
shape_offset  0.000000  0.000000
$EndPAD
$EndMODULE  D9

$MODULE D10
footprint LED_SMD:LED_0603_1608Metric
attribut smd
position 109.000000 78.250000  orientation 0.00
layer back
$PAD "1"
Shape Roundrect Layer back
position -0.787500  0.000000  size  0.875000  0.950000  orientation 0.00
drill  0.000000
shape_offset  0.000000  0.000000
$EndPAD
$PAD "2"
Shape Roundrect Layer back
position  0.787500  0.000000  size  0.875000  0.950000  orientation 0.00
drill  0.000000
shape_offset  0.000000  0.000000
$EndPAD
$EndMODULE  D10

$MODULE D11
footprint ScottoKeebs_Components:LED_WS2812B
attribut smd
position 119.750000 95.250000  orientation 90.00
layer back
$PAD "1"
Shape Rect Layer back
position -2.450000  1.650000  size  1.500000  0.900000  orientation 0.00
drill  0.000000
shape_offset  0.000000  0.000000
$EndPAD
$PAD "2"
Shape Rect Layer back
position -2.450000 -1.650000  size  1.500000  0.900000  orientation 0.00
drill  0.000000
shape_offset  0.000000  0.000000
$EndPAD
$PAD "3"
Shape Rect Layer back
position  2.450000 -1.650000  size  1.500000  0.900000  orientation 0.00
drill  0.000000
shape_offset  0.000000  0.000000
$EndPAD
$PAD "4"
Shape Rect Layer back
position  2.450000  1.650000  size  1.500000  0.900000  orientation 0.00
drill  0.000000
shape_offset  0.000000  0.000000
$EndPAD
$EndMODULE  D11

$MODULE D12
footprint ScottoKeebs_Components:LED_WS2812B
attribut smd
position 114.000000 95.250000  orientation 90.00
layer back
$PAD "1"
Shape Rect Layer back
position -2.450000  1.650000  size  1.500000  0.900000  orientation 0.00
drill  0.000000
shape_offset  0.000000  0.000000
$EndPAD
$PAD "2"
Shape Rect Layer back
position -2.450000 -1.650000  size  1.500000  0.900000  orientation 0.00
drill  0.000000
shape_offset  0.000000  0.000000
$EndPAD
$PAD "3"
Shape Rect Layer back
position  2.450000 -1.650000  size  1.500000  0.900000  orientation 0.00
drill  0.000000
shape_offset  0.000000  0.000000
$EndPAD
$PAD "4"
Shape Rect Layer back
position  2.450000  1.650000  size  1.500000  0.900000  orientation 0.00
drill  0.000000
shape_offset  0.000000  0.000000
$EndPAD
$EndMODULE  D12

$MODULE D13
footprint ScottoKeebs_Components:LED_WS2812B
attribut smd
position 108.250000 95.250000  orientation 90.00
layer back
$PAD "1"
Shape Rect Layer back
position -2.450000  1.650000  size  1.500000  0.900000  orientation 0.00
drill  0.000000
shape_offset  0.000000  0.000000
$EndPAD
$PAD "2"
Shape Rect Layer back
position -2.450000 -1.650000  size  1.500000  0.900000  orientation 0.00
drill  0.000000
shape_offset  0.000000  0.000000
$EndPAD
$PAD "3"
Shape Rect Layer back
position  2.450000 -1.650000  size  1.500000  0.900000  orientation 0.00
drill  0.000000
shape_offset  0.000000  0.000000
$EndPAD
$PAD "4"
Shape Rect Layer back
position  2.450000  1.650000  size  1.500000  0.900000  orientation 0.00
drill  0.000000
shape_offset  0.000000  0.000000
$EndPAD
$EndMODULE  D13

$MODULE D14
footprint ScottoKeebs_Components:LED_WS2812B
attribut smd
position 108.250000 95.250000  orientation 90.00
layer front
$PAD "1"
Shape Rect Layer front
position -2.450000 -1.650000  size  1.500000  0.900000  orientation 0.00
drill  0.000000
shape_offset  0.000000  0.000000
$EndPAD
$PAD "2"
Shape Rect Layer front
position -2.450000  1.650000  size  1.500000  0.900000  orientation 0.00
drill  0.000000
shape_offset  0.000000  0.000000
$EndPAD
$PAD "3"
Shape Rect Layer front
position  2.450000  1.650000  size  1.500000  0.900000  orientation 0.00
drill  0.000000
shape_offset  0.000000  0.000000
$EndPAD
$PAD "4"
Shape Rect Layer front
position  2.450000 -1.650000  size  1.500000  0.900000  orientation 0.00
drill  0.000000
shape_offset  0.000000  0.000000
$EndPAD
$EndMODULE  D14

$MODULE D15
footprint ScottoKeebs_Components:LED_WS2812B
attribut smd
position 114.000000 95.250000  orientation 90.00
layer front
$PAD "1"
Shape Rect Layer front
position -2.450000 -1.650000  size  1.500000  0.900000  orientation 0.00
drill  0.000000
shape_offset  0.000000  0.000000
$EndPAD
$PAD "2"
Shape Rect Layer front
position -2.450000  1.650000  size  1.500000  0.900000  orientation 0.00
drill  0.000000
shape_offset  0.000000  0.000000
$EndPAD
$PAD "3"
Shape Rect Layer front
position  2.450000  1.650000  size  1.500000  0.900000  orientation 0.00
drill  0.000000
shape_offset  0.000000  0.000000
$EndPAD
$PAD "4"
Shape Rect Layer front
position  2.450000 -1.650000  size  1.500000  0.900000  orientation 0.00
drill  0.000000
shape_offset  0.000000  0.000000
$EndPAD
$EndMODULE  D15

$MODULE D16
footprint ScottoKeebs_Components:LED_WS2812B
attribut smd
position 119.750000 95.250000  orientation 90.00
layer front
$PAD "1"
Shape Rect Layer front
position -2.450000 -1.650000  size  1.500000  0.900000  orientation 0.00
drill  0.000000
shape_offset  0.000000  0.000000
$EndPAD
$PAD "2"
Shape Rect Layer front
position -2.450000  1.650000  size  1.500000  0.900000  orientation 0.00
drill  0.000000
shape_offset  0.000000  0.000000
$EndPAD
$PAD "3"
Shape Rect Layer front
position  2.450000  1.650000  size  1.500000  0.900000  orientation 0.00
drill  0.000000
shape_offset  0.000000  0.000000
$EndPAD
$PAD "4"
Shape Rect Layer front
position  2.450000 -1.650000  size  1.500000  0.900000  orientation 0.00
drill  0.000000
shape_offset  0.000000  0.000000
$EndPAD
$EndMODULE  D16

$MODULE G***
footprint LOGO
attribut virtual
position 139.500000 52.500000  orientation 0.00
layer front
$EndMODULE  G***

$MODULE G***
footprint LOGO
attribut virtual
position 161.250000 107.500000  orientation 180.00
layer back
$EndMODULE  G***

$MODULE G***
footprint LOGO
attribut virtual
position 109.000000 89.000000  orientation 180.00
layer back
$EndMODULE  G***

$MODULE G***
footprint LOGO
attribut virtual
position 146.750000 61.500000  orientation 180.00
layer back
$EndMODULE  G***

$MODULE G***
footprint LOGO
attribut virtual
position 109.000000 61.000000  orientation 0.00
layer front
$EndMODULE  G***

$MODULE G***
footprint LOGO
attribut virtual
position 128.000000 45.000000  orientation 0.00
layer front
$EndMODULE  G***

$MODULE G***
footprint LOGO
attribut virtual
position 150.379622 52.500000  orientation 180.00
layer back
$EndMODULE  G***

$MODULE G***
footprint LOGO
attribut virtual
position 146.750000 61.500000  orientation 0.00
layer front
$EndMODULE  G***

$MODULE G***
footprint LOGO
attribut virtual
position 131.000000 61.000000  orientation 0.00
layer front
$EndMODULE  G***

$MODULE G***
footprint LOGO
attribut virtual
position 127.298512 137.250000  orientation 180.00
layer back
$EndMODULE  G***

$MODULE J1
footprint Connector_USB:USB_C_Receptacle_HRO_TYPE-C-31-M-12
attribut smd
position 132.499996 54.250000  orientation 0.00
layer back
$PAD ""
Shape Circle Layer both
position -2.890000  2.600000  size  0.650000  0.650000  orientation 0.00
drill  0.650000
shape_offset  0.000000  0.000000
$EndPAD
$PAD ""
Shape Circle Layer both
position  2.890000  2.600000  size  0.650000  0.650000  orientation 0.00
drill  0.650000
shape_offset  0.000000  0.000000
$EndPAD
$PAD "A1"
Shape Rect Layer back
position -3.250000  4.045000  size  0.600000  1.450000  orientation 0.00
drill  0.000000
shape_offset  0.000000  0.000000
$EndPAD
$PAD "A4"
Shape Rect Layer back
position -2.450000  4.045000  size  0.600000  1.450000  orientation 0.00
drill  0.000000
shape_offset  0.000000  0.000000
$EndPAD
$PAD "A5"
Shape Rect Layer back
position -1.250000  4.045000  size  0.300000  1.450000  orientation 0.00
drill  0.000000
shape_offset  0.000000  0.000000
$EndPAD
$PAD "A6"
Shape Rect Layer back
position -0.250000  4.045000  size  0.300000  1.450000  orientation 0.00
drill  0.000000
shape_offset  0.000000  0.000000
$EndPAD
$PAD "A7"
Shape Rect Layer back
position  0.250000  4.045000  size  0.300000  1.450000  orientation 0.00
drill  0.000000
shape_offset  0.000000  0.000000
$EndPAD
$PAD "A8"
Shape Rect Layer back
position  1.250000  4.045000  size  0.300000  1.450000  orientation 0.00
drill  0.000000
shape_offset  0.000000  0.000000
$EndPAD
$PAD "A9"
Shape Rect Layer back
position  2.450000  4.045000  size  0.600000  1.450000  orientation 0.00
drill  0.000000
shape_offset  0.000000  0.000000
$EndPAD
$PAD "A12"
Shape Rect Layer back
position  3.250000  4.045000  size  0.600000  1.450000  orientation 0.00
drill  0.000000
shape_offset  0.000000  0.000000
$EndPAD
$PAD "B1"
Shape Rect Layer back
position  3.250000  4.045000  size  0.600000  1.450000  orientation 0.00
drill  0.000000
shape_offset  0.000000  0.000000
$EndPAD
$PAD "B4"
Shape Rect Layer back
position  2.450000  4.045000  size  0.600000  1.450000  orientation 0.00
drill  0.000000
shape_offset  0.000000  0.000000
$EndPAD
$PAD "B5"
Shape Rect Layer back
position  1.750000  4.045000  size  0.300000  1.450000  orientation 0.00
drill  0.000000
shape_offset  0.000000  0.000000
$EndPAD
$PAD "B6"
Shape Rect Layer back
position  0.750000  4.045000  size  0.300000  1.450000  orientation 0.00
drill  0.000000
shape_offset  0.000000  0.000000
$EndPAD
$PAD "B7"
Shape Rect Layer back
position -0.750000  4.045000  size  0.300000  1.450000  orientation 0.00
drill  0.000000
shape_offset  0.000000  0.000000
$EndPAD
$PAD "B8"
Shape Rect Layer back
position -1.750000  4.045000  size  0.300000  1.450000  orientation 0.00
drill  0.000000
shape_offset  0.000000  0.000000
$EndPAD
$PAD "B9"
Shape Rect Layer back
position -2.450000  4.045000  size  0.600000  1.450000  orientation 0.00
drill  0.000000
shape_offset  0.000000  0.000000
$EndPAD
$PAD "B12"
Shape Rect Layer back
position -3.250000  4.045000  size  0.600000  1.450000  orientation 0.00
drill  0.000000
shape_offset  0.000000  0.000000
$EndPAD
$PAD "S1"
Shape Oval Layer both
position -4.320000 -1.050000  size  1.000000  1.600000  orientation 0.00
drill  0.600000
shape_offset  0.000000  0.000000
$EndPAD
$PAD "S1"
Shape Oval Layer both
position -4.320000  3.130000  size  1.000000  2.100000  orientation 0.00
drill  0.600000
shape_offset  0.000000  0.000000
$EndPAD
$PAD "S1"
Shape Oval Layer both
position  4.320000 -1.050000  size  1.000000  1.600000  orientation 0.00
drill  0.600000
shape_offset  0.000000  0.000000
$EndPAD
$PAD "S1"
Shape Oval Layer both
position  4.320000  3.130000  size  1.000000  2.100000  orientation 0.00
drill  0.600000
shape_offset  0.000000  0.000000
$EndPAD
$EndMODULE  J1

$MODULE J2
footprint Connector_USB:USB_C_Receptacle_HRO_TYPE-C-31-M-12
attribut smd
position 109.499998 54.250000  orientation 0.00
layer back
$PAD ""
Shape Circle Layer both
position -2.890000  2.600000  size  0.650000  0.650000  orientation 0.00
drill  0.650000
shape_offset  0.000000  0.000000
$EndPAD
$PAD ""
Shape Circle Layer both
position  2.890000  2.600000  size  0.650000  0.650000  orientation 0.00
drill  0.650000
shape_offset  0.000000  0.000000
$EndPAD
$PAD "A1"
Shape Rect Layer back
position -3.250000  4.045000  size  0.600000  1.450000  orientation 0.00
drill  0.000000
shape_offset  0.000000  0.000000
$EndPAD
$PAD "A4"
Shape Rect Layer back
position -2.450000  4.045000  size  0.600000  1.450000  orientation 0.00
drill  0.000000
shape_offset  0.000000  0.000000
$EndPAD
$PAD "A5"
Shape Rect Layer back
position -1.250000  4.045000  size  0.300000  1.450000  orientation 0.00
drill  0.000000
shape_offset  0.000000  0.000000
$EndPAD
$PAD "A6"
Shape Rect Layer back
position -0.250000  4.045000  size  0.300000  1.450000  orientation 0.00
drill  0.000000
shape_offset  0.000000  0.000000
$EndPAD
$PAD "A7"
Shape Rect Layer back
position  0.250000  4.045000  size  0.300000  1.450000  orientation 0.00
drill  0.000000
shape_offset  0.000000  0.000000
$EndPAD
$PAD "A8"
Shape Rect Layer back
position  1.250000  4.045000  size  0.300000  1.450000  orientation 0.00
drill  0.000000
shape_offset  0.000000  0.000000
$EndPAD
$PAD "A9"
Shape Rect Layer back
position  2.450000  4.045000  size  0.600000  1.450000  orientation 0.00
drill  0.000000
shape_offset  0.000000  0.000000
$EndPAD
$PAD "A12"
Shape Rect Layer back
position  3.250000  4.045000  size  0.600000  1.450000  orientation 0.00
drill  0.000000
shape_offset  0.000000  0.000000
$EndPAD
$PAD "B1"
Shape Rect Layer back
position  3.250000  4.045000  size  0.600000  1.450000  orientation 0.00
drill  0.000000
shape_offset  0.000000  0.000000
$EndPAD
$PAD "B4"
Shape Rect Layer back
position  2.450000  4.045000  size  0.600000  1.450000  orientation 0.00
drill  0.000000
shape_offset  0.000000  0.000000
$EndPAD
$PAD "B5"
Shape Rect Layer back
position  1.750000  4.045000  size  0.300000  1.450000  orientation 0.00
drill  0.000000
shape_offset  0.000000  0.000000
$EndPAD
$PAD "B6"
Shape Rect Layer back
position  0.750000  4.045000  size  0.300000  1.450000  orientation 0.00
drill  0.000000
shape_offset  0.000000  0.000000
$EndPAD
$PAD "B7"
Shape Rect Layer back
position -0.750000  4.045000  size  0.300000  1.450000  orientation 0.00
drill  0.000000
shape_offset  0.000000  0.000000
$EndPAD
$PAD "B8"
Shape Rect Layer back
position -1.750000  4.045000  size  0.300000  1.450000  orientation 0.00
drill  0.000000
shape_offset  0.000000  0.000000
$EndPAD
$PAD "B9"
Shape Rect Layer back
position -2.450000  4.045000  size  0.600000  1.450000  orientation 0.00
drill  0.000000
shape_offset  0.000000  0.000000
$EndPAD
$PAD "B12"
Shape Rect Layer back
position -3.250000  4.045000  size  0.600000  1.450000  orientation 0.00
drill  0.000000
shape_offset  0.000000  0.000000
$EndPAD
$PAD "S1"
Shape Oval Layer both
position -4.320000 -1.050000  size  1.000000  1.600000  orientation 0.00
drill  0.600000
shape_offset  0.000000  0.000000
$EndPAD
$PAD "S1"
Shape Oval Layer both
position -4.320000  3.130000  size  1.000000  2.100000  orientation 0.00
drill  0.600000
shape_offset  0.000000  0.000000
$EndPAD
$PAD "S1"
Shape Oval Layer both
position  4.320000 -1.050000  size  1.000000  1.600000  orientation 0.00
drill  0.600000
shape_offset  0.000000  0.000000
$EndPAD
$PAD "S1"
Shape Oval Layer both
position  4.320000  3.130000  size  1.000000  2.100000  orientation 0.00
drill  0.600000
shape_offset  0.000000  0.000000
$EndPAD
$EndMODULE  J2

$MODULE J3
footprint Connector_USB:USB_C_Receptacle_HRO_TYPE-C-31-M-12
attribut smd
position 120.999998 54.250000  orientation 0.00
layer back
$PAD ""
Shape Circle Layer both
position -2.890000  2.600000  size  0.650000  0.650000  orientation 0.00
drill  0.650000
shape_offset  0.000000  0.000000
$EndPAD
$PAD ""
Shape Circle Layer both
position  2.890000  2.600000  size  0.650000  0.650000  orientation 0.00
drill  0.650000
shape_offset  0.000000  0.000000
$EndPAD
$PAD "A1"
Shape Rect Layer back
position -3.250000  4.045000  size  0.600000  1.450000  orientation 0.00
drill  0.000000
shape_offset  0.000000  0.000000
$EndPAD
$PAD "A4"
Shape Rect Layer back
position -2.450000  4.045000  size  0.600000  1.450000  orientation 0.00
drill  0.000000
shape_offset  0.000000  0.000000
$EndPAD
$PAD "A5"
Shape Rect Layer back
position -1.250000  4.045000  size  0.300000  1.450000  orientation 0.00
drill  0.000000
shape_offset  0.000000  0.000000
$EndPAD
$PAD "A6"
Shape Rect Layer back
position -0.250000  4.045000  size  0.300000  1.450000  orientation 0.00
drill  0.000000
shape_offset  0.000000  0.000000
$EndPAD
$PAD "A7"
Shape Rect Layer back
position  0.250000  4.045000  size  0.300000  1.450000  orientation 0.00
drill  0.000000
shape_offset  0.000000  0.000000
$EndPAD
$PAD "A8"
Shape Rect Layer back
position  1.250000  4.045000  size  0.300000  1.450000  orientation 0.00
drill  0.000000
shape_offset  0.000000  0.000000
$EndPAD
$PAD "A9"
Shape Rect Layer back
position  2.450000  4.045000  size  0.600000  1.450000  orientation 0.00
drill  0.000000
shape_offset  0.000000  0.000000
$EndPAD
$PAD "A12"
Shape Rect Layer back
position  3.250000  4.045000  size  0.600000  1.450000  orientation 0.00
drill  0.000000
shape_offset  0.000000  0.000000
$EndPAD
$PAD "B1"
Shape Rect Layer back
position  3.250000  4.045000  size  0.600000  1.450000  orientation 0.00
drill  0.000000
shape_offset  0.000000  0.000000
$EndPAD
$PAD "B4"
Shape Rect Layer back
position  2.450000  4.045000  size  0.600000  1.450000  orientation 0.00
drill  0.000000
shape_offset  0.000000  0.000000
$EndPAD
$PAD "B5"
Shape Rect Layer back
position  1.750000  4.045000  size  0.300000  1.450000  orientation 0.00
drill  0.000000
shape_offset  0.000000  0.000000
$EndPAD
$PAD "B6"
Shape Rect Layer back
position  0.750000  4.045000  size  0.300000  1.450000  orientation 0.00
drill  0.000000
shape_offset  0.000000  0.000000
$EndPAD
$PAD "B7"
Shape Rect Layer back
position -0.750000  4.045000  size  0.300000  1.450000  orientation 0.00
drill  0.000000
shape_offset  0.000000  0.000000
$EndPAD
$PAD "B8"
Shape Rect Layer back
position -1.750000  4.045000  size  0.300000  1.450000  orientation 0.00
drill  0.000000
shape_offset  0.000000  0.000000
$EndPAD
$PAD "B9"
Shape Rect Layer back
position -2.450000  4.045000  size  0.600000  1.450000  orientation 0.00
drill  0.000000
shape_offset  0.000000  0.000000
$EndPAD
$PAD "B12"
Shape Rect Layer back
position -3.250000  4.045000  size  0.600000  1.450000  orientation 0.00
drill  0.000000
shape_offset  0.000000  0.000000
$EndPAD
$PAD "S1"
Shape Oval Layer both
position -4.320000 -1.050000  size  1.000000  1.600000  orientation 0.00
drill  0.600000
shape_offset  0.000000  0.000000
$EndPAD
$PAD "S1"
Shape Oval Layer both
position -4.320000  3.130000  size  1.000000  2.100000  orientation 0.00
drill  0.600000
shape_offset  0.000000  0.000000
$EndPAD
$PAD "S1"
Shape Oval Layer both
position  4.320000 -1.050000  size  1.000000  1.600000  orientation 0.00
drill  0.600000
shape_offset  0.000000  0.000000
$EndPAD
$PAD "S1"
Shape Oval Layer both
position  4.320000  3.130000  size  1.000000  2.100000  orientation 0.00
drill  0.600000
shape_offset  0.000000  0.000000
$EndPAD
$EndMODULE  J3

$MODULE J6
footprint TestPoint:TestPoint_Pad_D1.0mm
attribut virtual
position 131.750000 75.250000  orientation 0.00
layer front
$PAD "1"
Shape Circle Layer front
position  0.000000  0.000000  size  1.000000  1.000000  orientation 0.00
drill  0.000000
shape_offset  0.000000  0.000000
$EndPAD
$EndMODULE  J6

$MODULE J7
footprint TestPoint:TestPoint_Pad_1.0x1.0mm
attribut virtual
position 136.750000 60.750000  orientation 0.00
layer front
$PAD "1"
Shape Rect Layer front
position  0.000000  0.000000  size  1.000000  1.000000  orientation 0.00
drill  0.000000
shape_offset  0.000000  0.000000
$EndPAD
$EndMODULE  J7

$MODULE J8
footprint Connector_PinHeader_2.54mm:PinHeader_1x01_P2.54mm_Vertical
attribut none
position 143.750000 92.500000  orientation 0.00
layer front
$PAD "1"
Shape Rect Layer both
position  0.000000  0.000000  size  1.700000  1.700000  orientation 0.00
drill  1.000000
shape_offset  0.000000  0.000000
$EndPAD
$EndMODULE  J8

$MODULE J9
footprint TestPoint:TestPoint_Pad_D1.0mm
attribut virtual
position 106.000000 86.000000  orientation 0.00
layer front
$PAD "1"
Shape Circle Layer front
position  0.000000  0.000000  size  1.000000  1.000000  orientation 0.00
drill  0.000000
shape_offset  0.000000  0.000000
$EndPAD
$EndMODULE  J9

$MODULE J10
footprint ScottoKeebs_Components:OLED_128x32
attribut none
position 100.000000 55.000000  orientation 0.00
layer front
$PAD "1"
Shape Rect Layer both
position  1.600000  9.800000  size  1.700000  1.700000  orientation 180.00
drill  1.000000
shape_offset  0.000000  0.000000
$EndPAD
$PAD "2"
Shape Oval Layer both
position  1.600000  7.260000  size  1.700000  1.700000  orientation 180.00
drill  1.000000
shape_offset  0.000000  0.000000
$EndPAD
$PAD "3"
Shape Oval Layer both
position  1.600000  4.720000  size  1.700000  1.700000  orientation 180.00
drill  1.000000
shape_offset  0.000000  0.000000
$EndPAD
$PAD "4"
Shape Oval Layer both
position  1.600000  2.180000  size  1.700000  1.700000  orientation 180.00
drill  1.000000
shape_offset  0.000000  0.000000
$EndPAD
$EndMODULE  J10

$MODULE J11
footprint Library:LCD_128x160
attribut none
position 100.000000 69.000000  orientation 0.00
layer front
$PAD "1"
Shape Rect Layer both
position  1.500000 26.390000  size  1.700000  1.700000  orientation 180.00
drill  1.000000
shape_offset  0.000000  0.000000
$EndPAD
$PAD "2"
Shape Oval Layer both
position  1.500000 23.850000  size  1.700000  1.700000  orientation 180.00
drill  1.000000
shape_offset  0.000000  0.000000
$EndPAD
$PAD "3"
Shape Oval Layer both
position  1.500000 21.310000  size  1.700000  1.700000  orientation 180.00
drill  1.000000
shape_offset  0.000000  0.000000
$EndPAD
$PAD "4"
Shape Oval Layer both
position  1.500000 18.770000  size  1.700000  1.700000  orientation 180.00
drill  1.000000
shape_offset  0.000000  0.000000
$EndPAD
$PAD "5"
Shape Oval Layer both
position  1.500000 16.230000  size  1.700000  1.700000  orientation 180.00
drill  1.000000
shape_offset  0.000000  0.000000
$EndPAD
$PAD "6"
Shape Oval Layer both
position  1.500000 13.690000  size  1.700000  1.700000  orientation 180.00
drill  1.000000
shape_offset  0.000000  0.000000
$EndPAD
$PAD "7"
Shape Oval Layer both
position  1.500000 11.150000  size  1.700000  1.700000  orientation 180.00
drill  1.000000
shape_offset  0.000000  0.000000
$EndPAD
$PAD "8"
Shape Oval Layer both
position  1.500000  8.610000  size  1.700000  1.700000  orientation 180.00
drill  1.000000
shape_offset  0.000000  0.000000
$EndPAD
$EndMODULE  J11

$MODULE J12
footprint Connector_Audio:Jack_3.5mm_CUI_SJ-3523-SMT_Horizontal
attribut smd
position 108.750000 107.250000  orientation -90.00
layer back
$PAD ""
Shape Circle Layer both
position  0.000000 -4.500000  size  1.700000  1.700000  orientation 360.00
drill  1.700000
shape_offset  0.000000  0.000000
$EndPAD
$PAD ""
Shape Circle Layer both
position  0.000000  2.500000  size  1.700000  1.700000  orientation 360.00
drill  1.700000
shape_offset  0.000000  0.000000
$EndPAD
$PAD "R"
Shape Rect Layer back
position  3.700000  1.600000  size  2.800000  2.200000  orientation 360.00
drill  0.000000
shape_offset  0.000000  0.000000
$EndPAD
$PAD "S"
Shape Rect Layer back
position -3.700000  3.600000  size  2.800000  2.200000  orientation 360.00
drill  0.000000
shape_offset  0.000000  0.000000
$EndPAD
$PAD "T"
Shape Rect Layer back
position -3.700000 -5.800000  size  2.800000  2.800000  orientation 360.00
drill  0.000000
shape_offset  0.000000  0.000000
$EndPAD
$EndMODULE  J12

$MODULE J13
footprint TestPoint:TestPoint_Pad_1.0x1.0mm
attribut virtual
position 113.750000 60.750000  orientation 0.00
layer front
$PAD "1"
Shape Rect Layer front
position  0.000000  0.000000  size  1.000000  1.000000  orientation 0.00
drill  0.000000
shape_offset  0.000000  0.000000
$EndPAD
$EndMODULE  J13

$MODULE J14
footprint Connector_Card:microSD_HC_Wuerth_693072010801
attribut smd
position 143.750000 105.250000  orientation -90.00
layer back
$PAD "1"
Shape Rect Layer back
position -3.200000  1.550000  size  0.800000  1.500000  orientation 360.00
drill  0.000000
shape_offset  0.000000  0.000000
$EndPAD
$PAD "2"
Shape Rect Layer back
position -2.100000  1.550000  size  0.800000  1.500000  orientation 360.00
drill  0.000000
shape_offset  0.000000  0.000000
$EndPAD
$PAD "3"
Shape Rect Layer back
position -1.000000  1.550000  size  0.800000  1.500000  orientation 360.00
drill  0.000000
shape_offset  0.000000  0.000000
$EndPAD
$PAD "4"
Shape Rect Layer back
position  0.100000  1.550000  size  0.800000  1.500000  orientation 360.00
drill  0.000000
shape_offset  0.000000  0.000000
$EndPAD
$PAD "5"
Shape Rect Layer back
position  1.200000  1.550000  size  0.800000  1.500000  orientation 360.00
drill  0.000000
shape_offset  0.000000  0.000000
$EndPAD
$PAD "6"
Shape Rect Layer back
position  2.300000  1.550000  size  0.800000  1.500000  orientation 360.00
drill  0.000000
shape_offset  0.000000  0.000000
$EndPAD
$PAD "7"
Shape Rect Layer back
position  3.400000  1.550000  size  0.800000  1.500000  orientation 360.00
drill  0.000000
shape_offset  0.000000  0.000000
$EndPAD
$PAD "8"
Shape Rect Layer back
position  4.500000  1.550000  size  0.800000  1.500000  orientation 360.00
drill  0.000000
shape_offset  0.000000  0.000000
$EndPAD
$PAD "9"
Shape Rect Layer back
position -6.875000 -4.150000  size  1.450000  2.000000  orientation 360.00
drill  0.000000
shape_offset  0.000000  0.000000
$EndPAD
$PAD "9"
Shape Rect Layer back
position -6.875000  4.150000  size  1.450000  2.000000  orientation 360.00
drill  0.000000
shape_offset  0.000000  0.000000
$EndPAD
$PAD "9"
Shape Rect Layer back
position  6.875000 -4.150000  size  1.450000  2.000000  orientation 360.00
drill  0.000000
shape_offset  0.000000  0.000000
$EndPAD
$PAD "9"
Shape Rect Layer back
position  6.875000  4.150000  size  1.450000  2.000000  orientation 360.00
drill  0.000000
shape_offset  0.000000  0.000000
$EndPAD
$EndMODULE  J14

$MODULE J15
footprint Connector_PinHeader_2.54mm:PinHeader_1x01_P2.54mm_Vertical
attribut none
position 147.500000 92.500000  orientation 0.00
layer front
$PAD "1"
Shape Rect Layer both
position  0.000000  0.000000  size  1.700000  1.700000  orientation 0.00
drill  1.000000
shape_offset  0.000000  0.000000
$EndPAD
$EndMODULE  J15

$MODULE J16
footprint Connector_PinHeader_2.54mm:PinHeader_1x01_P2.54mm_Vertical
attribut none
position 151.250000 92.500000  orientation 0.00
layer front
$PAD "1"
Shape Rect Layer both
position  0.000000  0.000000  size  1.700000  1.700000  orientation 0.00
drill  1.000000
shape_offset  0.000000  0.000000
$EndPAD
$EndMODULE  J16

$MODULE J17
footprint TestPoint:TestPoint_Pad_D1.0mm
attribut virtual
position 129.500000 75.250000  orientation 0.00
layer front
$PAD "1"
Shape Circle Layer front
position  0.000000  0.000000  size  1.000000  1.000000  orientation 0.00
drill  0.000000
shape_offset  0.000000  0.000000
$EndPAD
$EndMODULE  J17

$MODULE J18
footprint TestPoint:TestPoint_Pad_D1.0mm
attribut virtual
position 131.750000 73.000000  orientation 0.00
layer front
$PAD "1"
Shape Circle Layer front
position  0.000000  0.000000  size  1.000000  1.000000  orientation 0.00
drill  0.000000
shape_offset  0.000000  0.000000
$EndPAD
$EndMODULE  J18

$MODULE J19
footprint TestPoint:TestPoint_Pad_D1.0mm
attribut virtual
position 129.500000 73.000000  orientation 0.00
layer front
$PAD "1"
Shape Circle Layer front
position  0.000000  0.000000  size  1.000000  1.000000  orientation 0.00
drill  0.000000
shape_offset  0.000000  0.000000
$EndPAD
$EndMODULE  J19

$MODULE J20
footprint TestPoint:TestPoint_Pad_D1.0mm
attribut virtual
position 139.500000 89.750000  orientation 180.00
layer back
$PAD "1"
Shape Circle Layer back
position  0.000000  0.000000  size  1.000000  1.000000  orientation 0.00
drill  0.000000
shape_offset  0.000000  0.000000
$EndPAD
$EndMODULE  J20

$MODULE J21
footprint TestPoint:TestPoint_Pad_D1.0mm
attribut virtual
position 108.750000 86.000000  orientation 180.00
layer back
$PAD "1"
Shape Circle Layer back
position  0.000000  0.000000  size  1.000000  1.000000  orientation 0.00
drill  0.000000
shape_offset  0.000000  0.000000
$EndPAD
$EndMODULE  J21

$MODULE J22
footprint TestPoint:TestPoint_Pad_D1.0mm
attribut virtual
position 108.750000 86.000000  orientation 0.00
layer front
$PAD "1"
Shape Circle Layer front
position  0.000000  0.000000  size  1.000000  1.000000  orientation 0.00
drill  0.000000
shape_offset  0.000000  0.000000
$EndPAD
$EndMODULE  J22

$MODULE R1
footprint Resistor_SMD:R_0402_1005Metric
attribut smd
position 131.000000 61.010000  orientation -90.00
layer back
$PAD "1"
Shape Roundrect Layer back
position -0.510000  0.000000  size  0.540000  0.640000  orientation 360.00
drill  0.000000
shape_offset  0.000000  0.000000
$EndPAD
$PAD "2"
Shape Roundrect Layer back
position  0.510000  0.000000  size  0.540000  0.640000  orientation 360.00
drill  0.000000
shape_offset  0.000000  0.000000
$EndPAD
$EndMODULE  R1

$MODULE R2
footprint Resistor_SMD:R_0402_1005Metric
attribut smd
position 134.250000 61.000000  orientation 90.00
layer back
$PAD "1"
Shape Roundrect Layer back
position -0.510000  0.000000  size  0.540000  0.640000  orientation 0.00
drill  0.000000
shape_offset  0.000000  0.000000
$EndPAD
$PAD "2"
Shape Roundrect Layer back
position  0.510000  0.000000  size  0.540000  0.640000  orientation 0.00
drill  0.000000
shape_offset  0.000000  0.000000
$EndPAD
$EndMODULE  R2

$MODULE R3
footprint Resistor_SMD:R_0402_1005Metric
attribut smd
position 143.300000 75.250000  orientation -90.00
layer back
$PAD "1"
Shape Roundrect Layer back
position -0.510000  0.000000  size  0.540000  0.640000  orientation 360.00
drill  0.000000
shape_offset  0.000000  0.000000
$EndPAD
$PAD "2"
Shape Roundrect Layer back
position  0.510000  0.000000  size  0.540000  0.640000  orientation 360.00
drill  0.000000
shape_offset  0.000000  0.000000
$EndPAD
$EndMODULE  R3

$MODULE R4
footprint Resistor_SMD:R_0402_1005Metric
attribut smd
position 142.200000 75.250000  orientation 90.00
layer back
$PAD "1"
Shape Roundrect Layer back
position -0.510000  0.000000  size  0.540000  0.640000  orientation 0.00
drill  0.000000
shape_offset  0.000000  0.000000
$EndPAD
$PAD "2"
Shape Roundrect Layer back
position  0.510000  0.000000  size  0.540000  0.640000  orientation 0.00
drill  0.000000
shape_offset  0.000000  0.000000
$EndPAD
$EndMODULE  R4

$MODULE R5
footprint Resistor_SMD:R_0402_1005Metric
attribut smd
position 143.405000 86.250000  orientation 0.00
layer back
$PAD "1"
Shape Roundrect Layer back
position -0.510000  0.000000  size  0.540000  0.640000  orientation 0.00
drill  0.000000
shape_offset  0.000000  0.000000
$EndPAD
$PAD "2"
Shape Roundrect Layer back
position  0.510000  0.000000  size  0.540000  0.640000  orientation 0.00
drill  0.000000
shape_offset  0.000000  0.000000
$EndPAD
$EndMODULE  R5

$MODULE R6
footprint Resistor_SMD:R_0402_1005Metric
attribut smd
position 150.500000 73.000000  orientation 90.00
layer back
$PAD "1"
Shape Roundrect Layer back
position -0.510000  0.000000  size  0.540000  0.640000  orientation 0.00
drill  0.000000
shape_offset  0.000000  0.000000
$EndPAD
$PAD "2"
Shape Roundrect Layer back
position  0.510000  0.000000  size  0.540000  0.640000  orientation 0.00
drill  0.000000
shape_offset  0.000000  0.000000
$EndPAD
$EndMODULE  R6

$MODULE R7
footprint Resistor_SMD:R_0402_1005Metric
attribut smd
position 146.180000 70.250000  orientation 0.00
layer back
$PAD "1"
Shape Roundrect Layer back
position -0.510000  0.000000  size  0.540000  0.640000  orientation 0.00
drill  0.000000
shape_offset  0.000000  0.000000
$EndPAD
$PAD "2"
Shape Roundrect Layer back
position  0.510000  0.000000  size  0.540000  0.640000  orientation 0.00
drill  0.000000
shape_offset  0.000000  0.000000
$EndPAD
$EndMODULE  R7

$MODULE R8
footprint Resistor_SMD:R_0402_1005Metric
attribut smd
position 108.100000 60.750000  orientation -90.00
layer back
$PAD "1"
Shape Roundrect Layer back
position -0.510000  0.000000  size  0.540000  0.640000  orientation 360.00
drill  0.000000
shape_offset  0.000000  0.000000
$EndPAD
$PAD "2"
Shape Roundrect Layer back
position  0.510000  0.000000  size  0.540000  0.640000  orientation 360.00
drill  0.000000
shape_offset  0.000000  0.000000
$EndPAD
$EndMODULE  R8

$MODULE R9
footprint Resistor_SMD:R_0402_1005Metric
attribut smd
position 112.250000 60.100000  orientation 180.00
layer back
$PAD "1"
Shape Roundrect Layer back
position -0.510000  0.000000  size  0.540000  0.640000  orientation 0.00
drill  0.000000
shape_offset  0.000000  0.000000
$EndPAD
$PAD "2"
Shape Roundrect Layer back
position  0.510000  0.000000  size  0.540000  0.640000  orientation 0.00
drill  0.000000
shape_offset  0.000000  0.000000
$EndPAD
$EndMODULE  R9

$MODULE R10
footprint Resistor_SMD:R_0402_1005Metric
attribut smd
position 119.750000 60.510000  orientation -90.00
layer back
$PAD "1"
Shape Roundrect Layer back
position -0.510000  0.000000  size  0.540000  0.640000  orientation 360.00
drill  0.000000
shape_offset  0.000000  0.000000
$EndPAD
$PAD "2"
Shape Roundrect Layer back
position  0.510000  0.000000  size  0.540000  0.640000  orientation 360.00
drill  0.000000
shape_offset  0.000000  0.000000
$EndPAD
$EndMODULE  R10

$MODULE R11
footprint Resistor_SMD:R_0402_1005Metric
attribut smd
position 120.750000 60.510000  orientation 90.00
layer back
$PAD "1"
Shape Roundrect Layer back
position -0.510000  0.000000  size  0.540000  0.640000  orientation 0.00
drill  0.000000
shape_offset  0.000000  0.000000
$EndPAD
$PAD "2"
Shape Roundrect Layer back
position  0.510000  0.000000  size  0.540000  0.640000  orientation 0.00
drill  0.000000
shape_offset  0.000000  0.000000
$EndPAD
$EndMODULE  R11

$MODULE R12
footprint Resistor_SMD:R_0402_1005Metric
attribut smd
position 117.300000 75.250000  orientation -90.00
layer back
$PAD "1"
Shape Roundrect Layer back
position -0.510000  0.000000  size  0.540000  0.640000  orientation 360.00
drill  0.000000
shape_offset  0.000000  0.000000
$EndPAD
$PAD "2"
Shape Roundrect Layer back
position  0.510000  0.000000  size  0.540000  0.640000  orientation 360.00
drill  0.000000
shape_offset  0.000000  0.000000
$EndPAD
$EndMODULE  R12

$MODULE R13
footprint Resistor_SMD:R_0402_1005Metric
attribut smd
position 116.200000 75.250000  orientation 90.00
layer back
$PAD "1"
Shape Roundrect Layer back
position -0.510000  0.000000  size  0.540000  0.640000  orientation 0.00
drill  0.000000
shape_offset  0.000000  0.000000
$EndPAD
$PAD "2"
Shape Roundrect Layer back
position  0.510000  0.000000  size  0.540000  0.640000  orientation 0.00
drill  0.000000
shape_offset  0.000000  0.000000
$EndPAD
$EndMODULE  R13

$MODULE R14
footprint Resistor_SMD:R_0402_1005Metric
attribut smd
position 124.750000 71.750000  orientation 180.00
layer back
$PAD "1"
Shape Roundrect Layer back
position -0.510000  0.000000  size  0.540000  0.640000  orientation 0.00
drill  0.000000
shape_offset  0.000000  0.000000
$EndPAD
$PAD "2"
Shape Roundrect Layer back
position  0.510000  0.000000  size  0.540000  0.640000  orientation 0.00
drill  0.000000
shape_offset  0.000000  0.000000
$EndPAD
$EndMODULE  R14

$MODULE R15
footprint Resistor_SMD:R_0402_1005Metric
attribut smd
position 120.250000 70.250000  orientation 0.00
layer back
$PAD "1"
Shape Roundrect Layer back
position -0.510000  0.000000  size  0.540000  0.640000  orientation 0.00
drill  0.000000
shape_offset  0.000000  0.000000
$EndPAD
$PAD "2"
Shape Roundrect Layer back
position  0.510000  0.000000  size  0.540000  0.640000  orientation 0.00
drill  0.000000
shape_offset  0.000000  0.000000
$EndPAD
$EndMODULE  R15

$MODULE R16
footprint Resistor_SMD:R_0402_1005Metric
attribut smd
position 117.490000 86.250000  orientation 0.00
layer back
$PAD "1"
Shape Roundrect Layer back
position -0.510000  0.000000  size  0.540000  0.640000  orientation 0.00
drill  0.000000
shape_offset  0.000000  0.000000
$EndPAD
$PAD "2"
Shape Roundrect Layer back
position  0.510000  0.000000  size  0.540000  0.640000  orientation 0.00
drill  0.000000
shape_offset  0.000000  0.000000
$EndPAD
$EndMODULE  R16

$MODULE R17
footprint Resistor_SMD:R_0402_1005Metric
attribut smd
position 132.287500 87.750000  orientation 180.00
layer back
$PAD "1"
Shape Roundrect Layer back
position -0.510000  0.000000  size  0.540000  0.640000  orientation 0.00
drill  0.000000
shape_offset  0.000000  0.000000
$EndPAD
$PAD "2"
Shape Roundrect Layer back
position  0.510000  0.000000  size  0.540000  0.640000  orientation 0.00
drill  0.000000
shape_offset  0.000000  0.000000
$EndPAD
$EndMODULE  R17

$MODULE R18
footprint Resistor_SMD:R_0402_1005Metric
attribut smd
position 106.250000 76.250000  orientation 180.00
layer back
$PAD "1"
Shape Roundrect Layer back
position -0.510000  0.000000  size  0.540000  0.640000  orientation 0.00
drill  0.000000
shape_offset  0.000000  0.000000
$EndPAD
$PAD "2"
Shape Roundrect Layer back
position  0.510000  0.000000  size  0.540000  0.640000  orientation 0.00
drill  0.000000
shape_offset  0.000000  0.000000
$EndPAD
$EndMODULE  R18

$MODULE R19
footprint Resistor_SMD:R_0402_1005Metric
attribut smd
position 126.750000 89.250000  orientation -90.00
layer back
$PAD "1"
Shape Roundrect Layer back
position -0.510000  0.000000  size  0.540000  0.640000  orientation 360.00
drill  0.000000
shape_offset  0.000000  0.000000
$EndPAD
$PAD "2"
Shape Roundrect Layer back
position  0.510000  0.000000  size  0.540000  0.640000  orientation 360.00
drill  0.000000
shape_offset  0.000000  0.000000
$EndPAD
$EndMODULE  R19

$MODULE R20
footprint Resistor_SMD:R_0402_1005Metric
attribut smd
position 129.750000 89.250000  orientation -90.00
layer back
$PAD "1"
Shape Roundrect Layer back
position -0.510000  0.000000  size  0.540000  0.640000  orientation 360.00
drill  0.000000
shape_offset  0.000000  0.000000
$EndPAD
$PAD "2"
Shape Roundrect Layer back
position  0.510000  0.000000  size  0.540000  0.640000  orientation 360.00
drill  0.000000
shape_offset  0.000000  0.000000
$EndPAD
$EndMODULE  R20

$MODULE R21
footprint Resistor_SMD:R_0402_1005Metric
attribut smd
position 147.555000 86.250000  orientation -90.00
layer back
$PAD "1"
Shape Roundrect Layer back
position -0.510000  0.000000  size  0.540000  0.640000  orientation 360.00
drill  0.000000
shape_offset  0.000000  0.000000
$EndPAD
$PAD "2"
Shape Roundrect Layer back
position  0.510000  0.000000  size  0.540000  0.640000  orientation 360.00
drill  0.000000
shape_offset  0.000000  0.000000
$EndPAD
$EndMODULE  R21

$MODULE R22
footprint Resistor_SMD:R_0402_1005Metric
attribut smd
position 132.240000 89.750000  orientation 180.00
layer back
$PAD "1"
Shape Roundrect Layer back
position -0.510000  0.000000  size  0.540000  0.640000  orientation 0.00
drill  0.000000
shape_offset  0.000000  0.000000
$EndPAD
$PAD "2"
Shape Roundrect Layer back
position  0.510000  0.000000  size  0.540000  0.640000  orientation 0.00
drill  0.000000
shape_offset  0.000000  0.000000
$EndPAD
$EndMODULE  R22

$MODULE R23
footprint Resistor_SMD:R_0402_1005Metric
attribut smd
position 106.250000 78.250000  orientation 180.00
layer back
$PAD "1"
Shape Roundrect Layer back
position -0.510000  0.000000  size  0.540000  0.640000  orientation 0.00
drill  0.000000
shape_offset  0.000000  0.000000
$EndPAD
$PAD "2"
Shape Roundrect Layer back
position  0.510000  0.000000  size  0.540000  0.640000  orientation 0.00
drill  0.000000
shape_offset  0.000000  0.000000
$EndPAD
$EndMODULE  R23

$MODULE R24
footprint Resistor_SMD:R_0402_1005Metric
attribut smd
position 155.000000 118.500000  orientation -90.00
layer back
$PAD "1"
Shape Roundrect Layer back
position -0.510000  0.000000  size  0.540000  0.640000  orientation 360.00
drill  0.000000
shape_offset  0.000000  0.000000
$EndPAD
$PAD "2"
Shape Roundrect Layer back
position  0.510000  0.000000  size  0.540000  0.640000  orientation 360.00
drill  0.000000
shape_offset  0.000000  0.000000
$EndPAD
$EndMODULE  R24

$MODULE R25
footprint Resistor_SMD:R_0402_1005Metric
attribut smd
position 122.100000 90.950000  orientation 180.00
layer back
$PAD "1"
Shape Roundrect Layer back
position -0.510000  0.000000  size  0.540000  0.640000  orientation 0.00
drill  0.000000
shape_offset  0.000000  0.000000
$EndPAD
$PAD "2"
Shape Roundrect Layer back
position  0.510000  0.000000  size  0.540000  0.640000  orientation 0.00
drill  0.000000
shape_offset  0.000000  0.000000
$EndPAD
$EndMODULE  R25

$MODULE R26
footprint Resistor_SMD:R_0402_1005Metric
attribut smd
position 104.500000 90.750000  orientation -90.00
layer back
$PAD "1"
Shape Roundrect Layer back
position -0.510000  0.000000  size  0.540000  0.640000  orientation 360.00
drill  0.000000
shape_offset  0.000000  0.000000
$EndPAD
$PAD "2"
Shape Roundrect Layer back
position  0.510000  0.000000  size  0.540000  0.640000  orientation 360.00
drill  0.000000
shape_offset  0.000000  0.000000
$EndPAD
$EndMODULE  R26

$MODULE SW1
footprint Button_Switch_SMD:SW_Push_SPST_NO_Alps_SKRK
attribut smd
position 153.250000 76.250000  orientation 90.00
layer back
$PAD "1"
Shape Roundrect Layer back
position -2.100000  0.000000  size  0.800000  2.000000  orientation 0.00
drill  0.000000
shape_offset  0.000000  0.000000
$EndPAD
$PAD "2"
Shape Roundrect Layer back
position  2.100000  0.000000  size  0.800000  2.000000  orientation 0.00
drill  0.000000
shape_offset  0.000000  0.000000
$EndPAD
$EndMODULE  SW1

$MODULE SW2
footprint Button_Switch_SMD:SW_Push_SPST_NO_Alps_SKRK
attribut smd
position 128.500000 73.000000  orientation 180.00
layer back
$PAD "1"
Shape Roundrect Layer back
position -2.100000  0.000000  size  0.800000  2.000000  orientation 0.00
drill  0.000000
shape_offset  0.000000  0.000000
$EndPAD
$PAD "2"
Shape Roundrect Layer back
position  2.100000  0.000000  size  0.800000  2.000000  orientation 0.00
drill  0.000000
shape_offset  0.000000  0.000000
$EndPAD
$EndMODULE  SW2

$MODULE SW3
footprint Button_Switch_Keyboard:SW_Cherry_MX_1.00u_PCB
attribut none
position 106.960000 120.580000  orientation 180.00
layer front
$PAD ""
Shape Circle Layer both
position -7.620000  5.080000  size  1.700000  1.700000  orientation 0.00
drill  1.700000
shape_offset  0.000000  0.000000
$EndPAD
$PAD ""
Shape Circle Layer both
position -2.540000  5.080000  size  4.000000  4.000000  orientation 0.00
drill  4.000000
shape_offset  0.000000  0.000000
$EndPAD
$PAD ""
Shape Circle Layer both
position  2.540000  5.080000  size  1.700000  1.700000  orientation 0.00
drill  1.700000
shape_offset  0.000000  0.000000
$EndPAD
$PAD "1"
Shape Circle Layer both
position  0.000000  0.000000  size  2.200000  2.200000  orientation 0.00
drill  1.500000
shape_offset  0.000000  0.000000
$EndPAD
$PAD "2"
Shape Circle Layer both
position -6.350000  2.540000  size  2.200000  2.200000  orientation 0.00
drill  1.500000
shape_offset  0.000000  0.000000
$EndPAD
$EndMODULE  SW3

$MODULE SW4
footprint Button_Switch_Keyboard:SW_Cherry_MX_1.00u_PCB
attribut none
position 125.460000 120.580000  orientation 180.00
layer front
$PAD ""
Shape Circle Layer both
position -7.620000  5.080000  size  1.700000  1.700000  orientation 0.00
drill  1.700000
shape_offset  0.000000  0.000000
$EndPAD
$PAD ""
Shape Circle Layer both
position -2.540000  5.080000  size  4.000000  4.000000  orientation 0.00
drill  4.000000
shape_offset  0.000000  0.000000
$EndPAD
$PAD ""
Shape Circle Layer both
position  2.540000  5.080000  size  1.700000  1.700000  orientation 0.00
drill  1.700000
shape_offset  0.000000  0.000000
$EndPAD
$PAD "1"
Shape Circle Layer both
position  0.000000  0.000000  size  2.200000  2.200000  orientation 0.00
drill  1.500000
shape_offset  0.000000  0.000000
$EndPAD
$PAD "2"
Shape Circle Layer both
position -6.350000  2.540000  size  2.200000  2.200000  orientation 0.00
drill  1.500000
shape_offset  0.000000  0.000000
$EndPAD
$EndMODULE  SW4

$MODULE SW5
footprint Button_Switch_Keyboard:SW_Cherry_MX_1.00u_PCB
attribut none
position 143.960000 120.580000  orientation 180.00
layer front
$PAD ""
Shape Circle Layer both
position -7.620000  5.080000  size  1.700000  1.700000  orientation 0.00
drill  1.700000
shape_offset  0.000000  0.000000
$EndPAD
$PAD ""
Shape Circle Layer both
position -2.540000  5.080000  size  4.000000  4.000000  orientation 0.00
drill  4.000000
shape_offset  0.000000  0.000000
$EndPAD
$PAD ""
Shape Circle Layer both
position  2.540000  5.080000  size  1.700000  1.700000  orientation 0.00
drill  1.700000
shape_offset  0.000000  0.000000
$EndPAD
$PAD "1"
Shape Circle Layer both
position  0.000000  0.000000  size  2.200000  2.200000  orientation 0.00
drill  1.500000
shape_offset  0.000000  0.000000
$EndPAD
$PAD "2"
Shape Circle Layer both
position -6.350000  2.540000  size  2.200000  2.200000  orientation 0.00
drill  1.500000
shape_offset  0.000000  0.000000
$EndPAD
$EndMODULE  SW5

$MODULE SW6
footprint Rotary_Encoder:RotaryEncoder_Alps_EC11E-Switch_Vertical_H20mm
attribut none
position 154.250000 64.000000  orientation 180.00
layer front
$PAD "A"
Shape Rect Layer both
position  0.000000  0.000000  size  2.000000  2.000000  orientation 0.00
drill  1.000000
shape_offset  0.000000  0.000000
$EndPAD
$PAD "B"
Shape Circle Layer both
position  0.000000  5.000000  size  2.000000  2.000000  orientation 0.00
drill  1.000000
shape_offset  0.000000  0.000000
$EndPAD
$PAD "C"
Shape Circle Layer both
position  0.000000  2.500000  size  2.000000  2.000000  orientation 0.00
drill  1.000000
shape_offset  0.000000  0.000000
$EndPAD
$PAD "MP"
Shape Rect Layer both
position  7.500000 -3.100000  size  3.200000  2.000000  orientation 0.00
drill  2.800000
shape_offset  0.000000  0.000000
$EndPAD
$PAD "MP"
Shape Rect Layer both
position  7.500000  8.100000  size  3.200000  2.000000  orientation 0.00
drill  2.800000
shape_offset  0.000000  0.000000
$EndPAD
$PAD "S1"
Shape Circle Layer both
position 14.500000  5.000000  size  2.000000  2.000000  orientation 0.00
drill  1.000000
shape_offset  0.000000  0.000000
$EndPAD
$PAD "S2"
Shape Circle Layer both
position 14.500000  0.000000  size  2.000000  2.000000  orientation 0.00
drill  1.000000
shape_offset  0.000000  0.000000
$EndPAD
$EndMODULE  SW6

$MODULE U1
footprint Package_DFN_QFN:QFN-56-1EP_7x7mm_P0.4mm_EP3.2x3.2mm
attribut smd
position 143.950000 80.800000  orientation 180.00
layer back
$PAD ""
Shape Roundrect Layer nocopper
position -0.800000 -0.800000  size  1.290000  1.290000  orientation 0.00
drill  0.000000
shape_offset  0.000000  0.000000
$EndPAD
$PAD ""
Shape Roundrect Layer nocopper
position -0.800000  0.800000  size  1.290000  1.290000  orientation 0.00
drill  0.000000
shape_offset  0.000000  0.000000
$EndPAD
$PAD ""
Shape Roundrect Layer nocopper
position  0.800000 -0.800000  size  1.290000  1.290000  orientation 0.00
drill  0.000000
shape_offset  0.000000  0.000000
$EndPAD
$PAD ""
Shape Roundrect Layer nocopper
position  0.800000  0.800000  size  1.290000  1.290000  orientation 0.00
drill  0.000000
shape_offset  0.000000  0.000000
$EndPAD
$PAD "1"
Shape Roundrect Layer back
position -3.437500  2.600000  size  0.875000  0.200000  orientation 0.00
drill  0.000000
shape_offset  0.000000  0.000000
$EndPAD
$PAD "2"
Shape Roundrect Layer back
position -3.437500  2.200000  size  0.875000  0.200000  orientation 0.00
drill  0.000000
shape_offset  0.000000  0.000000
$EndPAD
$PAD "3"
Shape Roundrect Layer back
position -3.437500  1.800000  size  0.875000  0.200000  orientation 0.00
drill  0.000000
shape_offset  0.000000  0.000000
$EndPAD
$PAD "4"
Shape Roundrect Layer back
position -3.437500  1.400000  size  0.875000  0.200000  orientation 0.00
drill  0.000000
shape_offset  0.000000  0.000000
$EndPAD
$PAD "5"
Shape Roundrect Layer back
position -3.437500  1.000000  size  0.875000  0.200000  orientation 0.00
drill  0.000000
shape_offset  0.000000  0.000000
$EndPAD
$PAD "6"
Shape Roundrect Layer back
position -3.437500  0.600000  size  0.875000  0.200000  orientation 0.00
drill  0.000000
shape_offset  0.000000  0.000000
$EndPAD
$PAD "7"
Shape Roundrect Layer back
position -3.437500  0.200000  size  0.875000  0.200000  orientation 0.00
drill  0.000000
shape_offset  0.000000  0.000000
$EndPAD
$PAD "8"
Shape Roundrect Layer back
position -3.437500 -0.200000  size  0.875000  0.200000  orientation 0.00
drill  0.000000
shape_offset  0.000000  0.000000
$EndPAD
$PAD "9"
Shape Roundrect Layer back
position -3.437500 -0.600000  size  0.875000  0.200000  orientation 0.00
drill  0.000000
shape_offset  0.000000  0.000000
$EndPAD
$PAD "10"
Shape Roundrect Layer back
position -3.437500 -1.000000  size  0.875000  0.200000  orientation 0.00
drill  0.000000
shape_offset  0.000000  0.000000
$EndPAD
$PAD "11"
Shape Roundrect Layer back
position -3.437500 -1.400000  size  0.875000  0.200000  orientation 0.00
drill  0.000000
shape_offset  0.000000  0.000000
$EndPAD
$PAD "12"
Shape Roundrect Layer back
position -3.437500 -1.800000  size  0.875000  0.200000  orientation 0.00
drill  0.000000
shape_offset  0.000000  0.000000
$EndPAD
$PAD "13"
Shape Roundrect Layer back
position -3.437500 -2.200000  size  0.875000  0.200000  orientation 0.00
drill  0.000000
shape_offset  0.000000  0.000000
$EndPAD
$PAD "14"
Shape Roundrect Layer back
position -3.437500 -2.600000  size  0.875000  0.200000  orientation 0.00
drill  0.000000
shape_offset  0.000000  0.000000
$EndPAD
$PAD "15"
Shape Roundrect Layer back
position -2.600000 -3.437500  size  0.200000  0.875000  orientation 0.00
drill  0.000000
shape_offset  0.000000  0.000000
$EndPAD
$PAD "16"
Shape Roundrect Layer back
position -2.200000 -3.437500  size  0.200000  0.875000  orientation 0.00
drill  0.000000
shape_offset  0.000000  0.000000
$EndPAD
$PAD "17"
Shape Roundrect Layer back
position -1.800000 -3.437500  size  0.200000  0.875000  orientation 0.00
drill  0.000000
shape_offset  0.000000  0.000000
$EndPAD
$PAD "18"
Shape Roundrect Layer back
position -1.400000 -3.437500  size  0.200000  0.875000  orientation 0.00
drill  0.000000
shape_offset  0.000000  0.000000
$EndPAD
$PAD "19"
Shape Roundrect Layer back
position -1.000000 -3.437500  size  0.200000  0.875000  orientation 0.00
drill  0.000000
shape_offset  0.000000  0.000000
$EndPAD
$PAD "20"
Shape Roundrect Layer back
position -0.600000 -3.437500  size  0.200000  0.875000  orientation 0.00
drill  0.000000
shape_offset  0.000000  0.000000
$EndPAD
$PAD "21"
Shape Roundrect Layer back
position -0.200000 -3.437500  size  0.200000  0.875000  orientation 0.00
drill  0.000000
shape_offset  0.000000  0.000000
$EndPAD
$PAD "22"
Shape Roundrect Layer back
position  0.200000 -3.437500  size  0.200000  0.875000  orientation 0.00
drill  0.000000
shape_offset  0.000000  0.000000
$EndPAD
$PAD "23"
Shape Roundrect Layer back
position  0.600000 -3.437500  size  0.200000  0.875000  orientation 0.00
drill  0.000000
shape_offset  0.000000  0.000000
$EndPAD
$PAD "24"
Shape Roundrect Layer back
position  1.000000 -3.437500  size  0.200000  0.875000  orientation 0.00
drill  0.000000
shape_offset  0.000000  0.000000
$EndPAD
$PAD "25"
Shape Roundrect Layer back
position  1.400000 -3.437500  size  0.200000  0.875000  orientation 0.00
drill  0.000000
shape_offset  0.000000  0.000000
$EndPAD
$PAD "26"
Shape Roundrect Layer back
position  1.800000 -3.437500  size  0.200000  0.875000  orientation 0.00
drill  0.000000
shape_offset  0.000000  0.000000
$EndPAD
$PAD "27"
Shape Roundrect Layer back
position  2.200000 -3.437500  size  0.200000  0.875000  orientation 0.00
drill  0.000000
shape_offset  0.000000  0.000000
$EndPAD
$PAD "28"
Shape Roundrect Layer back
position  2.600000 -3.437500  size  0.200000  0.875000  orientation 0.00
drill  0.000000
shape_offset  0.000000  0.000000
$EndPAD
$PAD "29"
Shape Roundrect Layer back
position  3.437500 -2.600000  size  0.875000  0.200000  orientation 0.00
drill  0.000000
shape_offset  0.000000  0.000000
$EndPAD
$PAD "30"
Shape Roundrect Layer back
position  3.437500 -2.200000  size  0.875000  0.200000  orientation 0.00
drill  0.000000
shape_offset  0.000000  0.000000
$EndPAD
$PAD "31"
Shape Roundrect Layer back
position  3.437500 -1.800000  size  0.875000  0.200000  orientation 0.00
drill  0.000000
shape_offset  0.000000  0.000000
$EndPAD
$PAD "32"
Shape Roundrect Layer back
position  3.437500 -1.400000  size  0.875000  0.200000  orientation 0.00
drill  0.000000
shape_offset  0.000000  0.000000
$EndPAD
$PAD "33"
Shape Roundrect Layer back
position  3.437500 -1.000000  size  0.875000  0.200000  orientation 0.00
drill  0.000000
shape_offset  0.000000  0.000000
$EndPAD
$PAD "34"
Shape Roundrect Layer back
position  3.437500 -0.600000  size  0.875000  0.200000  orientation 0.00
drill  0.000000
shape_offset  0.000000  0.000000
$EndPAD
$PAD "35"
Shape Roundrect Layer back
position  3.437500 -0.200000  size  0.875000  0.200000  orientation 0.00
drill  0.000000
shape_offset  0.000000  0.000000
$EndPAD
$PAD "36"
Shape Roundrect Layer back
position  3.437500  0.200000  size  0.875000  0.200000  orientation 0.00
drill  0.000000
shape_offset  0.000000  0.000000
$EndPAD
$PAD "37"
Shape Roundrect Layer back
position  3.437500  0.600000  size  0.875000  0.200000  orientation 0.00
drill  0.000000
shape_offset  0.000000  0.000000
$EndPAD
$PAD "38"
Shape Roundrect Layer back
position  3.437500  1.000000  size  0.875000  0.200000  orientation 0.00
drill  0.000000
shape_offset  0.000000  0.000000
$EndPAD
$PAD "39"
Shape Roundrect Layer back
position  3.437500  1.400000  size  0.875000  0.200000  orientation 0.00
drill  0.000000
shape_offset  0.000000  0.000000
$EndPAD
$PAD "40"
Shape Roundrect Layer back
position  3.437500  1.800000  size  0.875000  0.200000  orientation 0.00
drill  0.000000
shape_offset  0.000000  0.000000
$EndPAD
$PAD "41"
Shape Roundrect Layer back
position  3.437500  2.200000  size  0.875000  0.200000  orientation 0.00
drill  0.000000
shape_offset  0.000000  0.000000
$EndPAD
$PAD "42"
Shape Roundrect Layer back
position  3.437500  2.600000  size  0.875000  0.200000  orientation 0.00
drill  0.000000
shape_offset  0.000000  0.000000
$EndPAD
$PAD "43"
Shape Roundrect Layer back
position  2.600000  3.437500  size  0.200000  0.875000  orientation 0.00
drill  0.000000
shape_offset  0.000000  0.000000
$EndPAD
$PAD "44"
Shape Roundrect Layer back
position  2.200000  3.437500  size  0.200000  0.875000  orientation 0.00
drill  0.000000
shape_offset  0.000000  0.000000
$EndPAD
$PAD "45"
Shape Roundrect Layer back
position  1.800000  3.437500  size  0.200000  0.875000  orientation 0.00
drill  0.000000
shape_offset  0.000000  0.000000
$EndPAD
$PAD "46"
Shape Roundrect Layer back
position  1.400000  3.437500  size  0.200000  0.875000  orientation 0.00
drill  0.000000
shape_offset  0.000000  0.000000
$EndPAD
$PAD "47"
Shape Roundrect Layer back
position  1.000000  3.437500  size  0.200000  0.875000  orientation 0.00
drill  0.000000
shape_offset  0.000000  0.000000
$EndPAD
$PAD "48"
Shape Roundrect Layer back
position  0.600000  3.437500  size  0.200000  0.875000  orientation 0.00
drill  0.000000
shape_offset  0.000000  0.000000
$EndPAD
$PAD "49"
Shape Roundrect Layer back
position  0.200000  3.437500  size  0.200000  0.875000  orientation 0.00
drill  0.000000
shape_offset  0.000000  0.000000
$EndPAD
$PAD "50"
Shape Roundrect Layer back
position -0.200000  3.437500  size  0.200000  0.875000  orientation 0.00
drill  0.000000
shape_offset  0.000000  0.000000
$EndPAD
$PAD "51"
Shape Roundrect Layer back
position -0.600000  3.437500  size  0.200000  0.875000  orientation 0.00
drill  0.000000
shape_offset  0.000000  0.000000
$EndPAD
$PAD "52"
Shape Roundrect Layer back
position -1.000000  3.437500  size  0.200000  0.875000  orientation 0.00
drill  0.000000
shape_offset  0.000000  0.000000
$EndPAD
$PAD "53"
Shape Roundrect Layer back
position -1.400000  3.437500  size  0.200000  0.875000  orientation 0.00
drill  0.000000
shape_offset  0.000000  0.000000
$EndPAD
$PAD "54"
Shape Roundrect Layer back
position -1.800000  3.437500  size  0.200000  0.875000  orientation 0.00
drill  0.000000
shape_offset  0.000000  0.000000
$EndPAD
$PAD "55"
Shape Roundrect Layer back
position -2.200000  3.437500  size  0.200000  0.875000  orientation 0.00
drill  0.000000
shape_offset  0.000000  0.000000
$EndPAD
$PAD "56"
Shape Roundrect Layer back
position -2.600000  3.437500  size  0.200000  0.875000  orientation 0.00
drill  0.000000
shape_offset  0.000000  0.000000
$EndPAD
$PAD "57"
Shape Rect Layer back
position  0.000000  0.000000  size  3.200000  3.200000  orientation 0.00
drill  0.000000
shape_offset  0.000000  0.000000
$EndPAD
$EndMODULE  U1

$MODULE U2
footprint Package_TO_SOT_SMD:SOT-223-3_TabPin2
attribut smd
position 127.700000 66.650000  orientation -90.00
layer back
$PAD "1"
Shape Roundrect Layer back
position -3.150000  2.300000  size  2.000000  1.500000  orientation 360.00
drill  0.000000
shape_offset  0.000000  0.000000
$EndPAD
$PAD "2"
Shape Roundrect Layer back
position -3.150000  0.000000  size  2.000000  1.500000  orientation 360.00
drill  0.000000
shape_offset  0.000000  0.000000
$EndPAD
$PAD "2"
Shape Roundrect Layer back
position  3.150000  0.000000  size  2.000000  3.800000  orientation 360.00
drill  0.000000
shape_offset  0.000000  0.000000
$EndPAD
$PAD "3"
Shape Roundrect Layer back
position -3.150000 -2.300000  size  2.000000  1.500000  orientation 360.00
drill  0.000000
shape_offset  0.000000  0.000000
$EndPAD
$EndMODULE  U2

$MODULE U3
footprint Package_SON:Winbond_USON-8-1EP_3x2mm_P0.5mm_EP0.2x1.6mm
attribut smd
position 147.200000 73.050000  orientation 180.00
layer back
$PAD ""
Shape Roundrect Layer nocopper
position  0.000000  0.000000  size  0.160000  1.290000  orientation 0.00
drill  0.000000
shape_offset  0.000000  0.000000
$EndPAD
$PAD "1"
Shape Roundrect Layer back
position -1.425000  0.750000  size  0.900000  0.250000  orientation 0.00
drill  0.000000
shape_offset  0.000000  0.000000
$EndPAD
$PAD "2"
Shape Roundrect Layer back
position -1.425000  0.250000  size  0.900000  0.250000  orientation 0.00
drill  0.000000
shape_offset  0.000000  0.000000
$EndPAD
$PAD "3"
Shape Roundrect Layer back
position -1.425000 -0.250000  size  0.900000  0.250000  orientation 0.00
drill  0.000000
shape_offset  0.000000  0.000000
$EndPAD
$PAD "4"
Shape Roundrect Layer back
position -1.425000 -0.750000  size  0.900000  0.250000  orientation 0.00
drill  0.000000
shape_offset  0.000000  0.000000
$EndPAD
$PAD "5"
Shape Roundrect Layer back
position  1.425000 -0.750000  size  0.900000  0.250000  orientation 0.00
drill  0.000000
shape_offset  0.000000  0.000000
$EndPAD
$PAD "6"
Shape Roundrect Layer back
position  1.425000 -0.250000  size  0.900000  0.250000  orientation 0.00
drill  0.000000
shape_offset  0.000000  0.000000
$EndPAD
$PAD "7"
Shape Roundrect Layer back
position  1.425000  0.250000  size  0.900000  0.250000  orientation 0.00
drill  0.000000
shape_offset  0.000000  0.000000
$EndPAD
$PAD "8"
Shape Roundrect Layer back
position  1.425000  0.750000  size  0.900000  0.250000  orientation 0.00
drill  0.000000
shape_offset  0.000000  0.000000
$EndPAD
$PAD "9"
Shape Rect Layer back
position  0.000000  0.000000  size  0.200000  1.600000  orientation 0.00
drill  0.000000
shape_offset  0.000000  0.000000
$EndPAD
$EndMODULE  U3

$MODULE U4
footprint Package_TO_SOT_SMD:SOT-223-3_TabPin2
attribut smd
position 110.000000 66.650000  orientation -90.00
layer back
$PAD "1"
Shape Roundrect Layer back
position -3.150000  2.300000  size  2.000000  1.500000  orientation 360.00
drill  0.000000
shape_offset  0.000000  0.000000
$EndPAD
$PAD "2"
Shape Roundrect Layer back
position -3.150000  0.000000  size  2.000000  1.500000  orientation 360.00
drill  0.000000
shape_offset  0.000000  0.000000
$EndPAD
$PAD "2"
Shape Roundrect Layer back
position  3.150000  0.000000  size  2.000000  3.800000  orientation 360.00
drill  0.000000
shape_offset  0.000000  0.000000
$EndPAD
$PAD "3"
Shape Roundrect Layer back
position -3.150000 -2.300000  size  2.000000  1.500000  orientation 360.00
drill  0.000000
shape_offset  0.000000  0.000000
$EndPAD
$EndMODULE  U4

$MODULE U5
footprint Package_DFN_QFN:QFN-56-1EP_7x7mm_P0.4mm_EP3.2x3.2mm
attribut smd
position 117.950000 80.800000  orientation 180.00
layer back
$PAD ""
Shape Roundrect Layer nocopper
position -0.800000 -0.800000  size  1.290000  1.290000  orientation 0.00
drill  0.000000
shape_offset  0.000000  0.000000
$EndPAD
$PAD ""
Shape Roundrect Layer nocopper
position -0.800000  0.800000  size  1.290000  1.290000  orientation 0.00
drill  0.000000
shape_offset  0.000000  0.000000
$EndPAD
$PAD ""
Shape Roundrect Layer nocopper
position  0.800000 -0.800000  size  1.290000  1.290000  orientation 0.00
drill  0.000000
shape_offset  0.000000  0.000000
$EndPAD
$PAD ""
Shape Roundrect Layer nocopper
position  0.800000  0.800000  size  1.290000  1.290000  orientation 0.00
drill  0.000000
shape_offset  0.000000  0.000000
$EndPAD
$PAD "1"
Shape Roundrect Layer back
position -3.437500  2.600000  size  0.875000  0.200000  orientation 0.00
drill  0.000000
shape_offset  0.000000  0.000000
$EndPAD
$PAD "2"
Shape Roundrect Layer back
position -3.437500  2.200000  size  0.875000  0.200000  orientation 0.00
drill  0.000000
shape_offset  0.000000  0.000000
$EndPAD
$PAD "3"
Shape Roundrect Layer back
position -3.437500  1.800000  size  0.875000  0.200000  orientation 0.00
drill  0.000000
shape_offset  0.000000  0.000000
$EndPAD
$PAD "4"
Shape Roundrect Layer back
position -3.437500  1.400000  size  0.875000  0.200000  orientation 0.00
drill  0.000000
shape_offset  0.000000  0.000000
$EndPAD
$PAD "5"
Shape Roundrect Layer back
position -3.437500  1.000000  size  0.875000  0.200000  orientation 0.00
drill  0.000000
shape_offset  0.000000  0.000000
$EndPAD
$PAD "6"
Shape Roundrect Layer back
position -3.437500  0.600000  size  0.875000  0.200000  orientation 0.00
drill  0.000000
shape_offset  0.000000  0.000000
$EndPAD
$PAD "7"
Shape Roundrect Layer back
position -3.437500  0.200000  size  0.875000  0.200000  orientation 0.00
drill  0.000000
shape_offset  0.000000  0.000000
$EndPAD
$PAD "8"
Shape Roundrect Layer back
position -3.437500 -0.200000  size  0.875000  0.200000  orientation 0.00
drill  0.000000
shape_offset  0.000000  0.000000
$EndPAD
$PAD "9"
Shape Roundrect Layer back
position -3.437500 -0.600000  size  0.875000  0.200000  orientation 0.00
drill  0.000000
shape_offset  0.000000  0.000000
$EndPAD
$PAD "10"
Shape Roundrect Layer back
position -3.437500 -1.000000  size  0.875000  0.200000  orientation 0.00
drill  0.000000
shape_offset  0.000000  0.000000
$EndPAD
$PAD "11"
Shape Roundrect Layer back
position -3.437500 -1.400000  size  0.875000  0.200000  orientation 0.00
drill  0.000000
shape_offset  0.000000  0.000000
$EndPAD
$PAD "12"
Shape Roundrect Layer back
position -3.437500 -1.800000  size  0.875000  0.200000  orientation 0.00
drill  0.000000
shape_offset  0.000000  0.000000
$EndPAD
$PAD "13"
Shape Roundrect Layer back
position -3.437500 -2.200000  size  0.875000  0.200000  orientation 0.00
drill  0.000000
shape_offset  0.000000  0.000000
$EndPAD
$PAD "14"
Shape Roundrect Layer back
position -3.437500 -2.600000  size  0.875000  0.200000  orientation 0.00
drill  0.000000
shape_offset  0.000000  0.000000
$EndPAD
$PAD "15"
Shape Roundrect Layer back
position -2.600000 -3.437500  size  0.200000  0.875000  orientation 0.00
drill  0.000000
shape_offset  0.000000  0.000000
$EndPAD
$PAD "16"
Shape Roundrect Layer back
position -2.200000 -3.437500  size  0.200000  0.875000  orientation 0.00
drill  0.000000
shape_offset  0.000000  0.000000
$EndPAD
$PAD "17"
Shape Roundrect Layer back
position -1.800000 -3.437500  size  0.200000  0.875000  orientation 0.00
drill  0.000000
shape_offset  0.000000  0.000000
$EndPAD
$PAD "18"
Shape Roundrect Layer back
position -1.400000 -3.437500  size  0.200000  0.875000  orientation 0.00
drill  0.000000
shape_offset  0.000000  0.000000
$EndPAD
$PAD "19"
Shape Roundrect Layer back
position -1.000000 -3.437500  size  0.200000  0.875000  orientation 0.00
drill  0.000000
shape_offset  0.000000  0.000000
$EndPAD
$PAD "20"
Shape Roundrect Layer back
position -0.600000 -3.437500  size  0.200000  0.875000  orientation 0.00
drill  0.000000
shape_offset  0.000000  0.000000
$EndPAD
$PAD "21"
Shape Roundrect Layer back
position -0.200000 -3.437500  size  0.200000  0.875000  orientation 0.00
drill  0.000000
shape_offset  0.000000  0.000000
$EndPAD
$PAD "22"
Shape Roundrect Layer back
position  0.200000 -3.437500  size  0.200000  0.875000  orientation 0.00
drill  0.000000
shape_offset  0.000000  0.000000
$EndPAD
$PAD "23"
Shape Roundrect Layer back
position  0.600000 -3.437500  size  0.200000  0.875000  orientation 0.00
drill  0.000000
shape_offset  0.000000  0.000000
$EndPAD
$PAD "24"
Shape Roundrect Layer back
position  1.000000 -3.437500  size  0.200000  0.875000  orientation 0.00
drill  0.000000
shape_offset  0.000000  0.000000
$EndPAD
$PAD "25"
Shape Roundrect Layer back
position  1.400000 -3.437500  size  0.200000  0.875000  orientation 0.00
drill  0.000000
shape_offset  0.000000  0.000000
$EndPAD
$PAD "26"
Shape Roundrect Layer back
position  1.800000 -3.437500  size  0.200000  0.875000  orientation 0.00
drill  0.000000
shape_offset  0.000000  0.000000
$EndPAD
$PAD "27"
Shape Roundrect Layer back
position  2.200000 -3.437500  size  0.200000  0.875000  orientation 0.00
drill  0.000000
shape_offset  0.000000  0.000000
$EndPAD
$PAD "28"
Shape Roundrect Layer back
position  2.600000 -3.437500  size  0.200000  0.875000  orientation 0.00
drill  0.000000
shape_offset  0.000000  0.000000
$EndPAD
$PAD "29"
Shape Roundrect Layer back
position  3.437500 -2.600000  size  0.875000  0.200000  orientation 0.00
drill  0.000000
shape_offset  0.000000  0.000000
$EndPAD
$PAD "30"
Shape Roundrect Layer back
position  3.437500 -2.200000  size  0.875000  0.200000  orientation 0.00
drill  0.000000
shape_offset  0.000000  0.000000
$EndPAD
$PAD "31"
Shape Roundrect Layer back
position  3.437500 -1.800000  size  0.875000  0.200000  orientation 0.00
drill  0.000000
shape_offset  0.000000  0.000000
$EndPAD
$PAD "32"
Shape Roundrect Layer back
position  3.437500 -1.400000  size  0.875000  0.200000  orientation 0.00
drill  0.000000
shape_offset  0.000000  0.000000
$EndPAD
$PAD "33"
Shape Roundrect Layer back
position  3.437500 -1.000000  size  0.875000  0.200000  orientation 0.00
drill  0.000000
shape_offset  0.000000  0.000000
$EndPAD
$PAD "34"
Shape Roundrect Layer back
position  3.437500 -0.600000  size  0.875000  0.200000  orientation 0.00
drill  0.000000
shape_offset  0.000000  0.000000
$EndPAD
$PAD "35"
Shape Roundrect Layer back
position  3.437500 -0.200000  size  0.875000  0.200000  orientation 0.00
drill  0.000000
shape_offset  0.000000  0.000000
$EndPAD
$PAD "36"
Shape Roundrect Layer back
position  3.437500  0.200000  size  0.875000  0.200000  orientation 0.00
drill  0.000000
shape_offset  0.000000  0.000000
$EndPAD
$PAD "37"
Shape Roundrect Layer back
position  3.437500  0.600000  size  0.875000  0.200000  orientation 0.00
drill  0.000000
shape_offset  0.000000  0.000000
$EndPAD
$PAD "38"
Shape Roundrect Layer back
position  3.437500  1.000000  size  0.875000  0.200000  orientation 0.00
drill  0.000000
shape_offset  0.000000  0.000000
$EndPAD
$PAD "39"
Shape Roundrect Layer back
position  3.437500  1.400000  size  0.875000  0.200000  orientation 0.00
drill  0.000000
shape_offset  0.000000  0.000000
$EndPAD
$PAD "40"
Shape Roundrect Layer back
position  3.437500  1.800000  size  0.875000  0.200000  orientation 0.00
drill  0.000000
shape_offset  0.000000  0.000000
$EndPAD
$PAD "41"
Shape Roundrect Layer back
position  3.437500  2.200000  size  0.875000  0.200000  orientation 0.00
drill  0.000000
shape_offset  0.000000  0.000000
$EndPAD
$PAD "42"
Shape Roundrect Layer back
position  3.437500  2.600000  size  0.875000  0.200000  orientation 0.00
drill  0.000000
shape_offset  0.000000  0.000000
$EndPAD
$PAD "43"
Shape Roundrect Layer back
position  2.600000  3.437500  size  0.200000  0.875000  orientation 0.00
drill  0.000000
shape_offset  0.000000  0.000000
$EndPAD
$PAD "44"
Shape Roundrect Layer back
position  2.200000  3.437500  size  0.200000  0.875000  orientation 0.00
drill  0.000000
shape_offset  0.000000  0.000000
$EndPAD
$PAD "45"
Shape Roundrect Layer back
position  1.800000  3.437500  size  0.200000  0.875000  orientation 0.00
drill  0.000000
shape_offset  0.000000  0.000000
$EndPAD
$PAD "46"
Shape Roundrect Layer back
position  1.400000  3.437500  size  0.200000  0.875000  orientation 0.00
drill  0.000000
shape_offset  0.000000  0.000000
$EndPAD
$PAD "47"
Shape Roundrect Layer back
position  1.000000  3.437500  size  0.200000  0.875000  orientation 0.00
drill  0.000000
shape_offset  0.000000  0.000000
$EndPAD
$PAD "48"
Shape Roundrect Layer back
position  0.600000  3.437500  size  0.200000  0.875000  orientation 0.00
drill  0.000000
shape_offset  0.000000  0.000000
$EndPAD
$PAD "49"
Shape Roundrect Layer back
position  0.200000  3.437500  size  0.200000  0.875000  orientation 0.00
drill  0.000000
shape_offset  0.000000  0.000000
$EndPAD
$PAD "50"
Shape Roundrect Layer back
position -0.200000  3.437500  size  0.200000  0.875000  orientation 0.00
drill  0.000000
shape_offset  0.000000  0.000000
$EndPAD
$PAD "51"
Shape Roundrect Layer back
position -0.600000  3.437500  size  0.200000  0.875000  orientation 0.00
drill  0.000000
shape_offset  0.000000  0.000000
$EndPAD
$PAD "52"
Shape Roundrect Layer back
position -1.000000  3.437500  size  0.200000  0.875000  orientation 0.00
drill  0.000000
shape_offset  0.000000  0.000000
$EndPAD
$PAD "53"
Shape Roundrect Layer back
position -1.400000  3.437500  size  0.200000  0.875000  orientation 0.00
drill  0.000000
shape_offset  0.000000  0.000000
$EndPAD
$PAD "54"
Shape Roundrect Layer back
position -1.800000  3.437500  size  0.200000  0.875000  orientation 0.00
drill  0.000000
shape_offset  0.000000  0.000000
$EndPAD
$PAD "55"
Shape Roundrect Layer back
position -2.200000  3.437500  size  0.200000  0.875000  orientation 0.00
drill  0.000000
shape_offset  0.000000  0.000000
$EndPAD
$PAD "56"
Shape Roundrect Layer back
position -2.600000  3.437500  size  0.200000  0.875000  orientation 0.00
drill  0.000000
shape_offset  0.000000  0.000000
$EndPAD
$PAD "57"
Shape Rect Layer back
position  0.000000  0.000000  size  3.200000  3.200000  orientation 0.00
drill  0.000000
shape_offset  0.000000  0.000000
$EndPAD
$EndMODULE  U5

$MODULE U6
footprint Package_SON:Winbond_USON-8-1EP_3x2mm_P0.5mm_EP0.2x1.6mm
attribut smd
position 121.200000 73.050000  orientation 180.00
layer back
$PAD ""
Shape Roundrect Layer nocopper
position  0.000000  0.000000  size  0.160000  1.290000  orientation 0.00
drill  0.000000
shape_offset  0.000000  0.000000
$EndPAD
$PAD "1"
Shape Roundrect Layer back
position -1.425000  0.750000  size  0.900000  0.250000  orientation 0.00
drill  0.000000
shape_offset  0.000000  0.000000
$EndPAD
$PAD "2"
Shape Roundrect Layer back
position -1.425000  0.250000  size  0.900000  0.250000  orientation 0.00
drill  0.000000
shape_offset  0.000000  0.000000
$EndPAD
$PAD "3"
Shape Roundrect Layer back
position -1.425000 -0.250000  size  0.900000  0.250000  orientation 0.00
drill  0.000000
shape_offset  0.000000  0.000000
$EndPAD
$PAD "4"
Shape Roundrect Layer back
position -1.425000 -0.750000  size  0.900000  0.250000  orientation 0.00
drill  0.000000
shape_offset  0.000000  0.000000
$EndPAD
$PAD "5"
Shape Roundrect Layer back
position  1.425000 -0.750000  size  0.900000  0.250000  orientation 0.00
drill  0.000000
shape_offset  0.000000  0.000000
$EndPAD
$PAD "6"
Shape Roundrect Layer back
position  1.425000 -0.250000  size  0.900000  0.250000  orientation 0.00
drill  0.000000
shape_offset  0.000000  0.000000
$EndPAD
$PAD "7"
Shape Roundrect Layer back
position  1.425000  0.250000  size  0.900000  0.250000  orientation 0.00
drill  0.000000
shape_offset  0.000000  0.000000
$EndPAD
$PAD "8"
Shape Roundrect Layer back
position  1.425000  0.750000  size  0.900000  0.250000  orientation 0.00
drill  0.000000
shape_offset  0.000000  0.000000
$EndPAD
$PAD "9"
Shape Rect Layer back
position  0.000000  0.000000  size  0.200000  1.600000  orientation 0.00
drill  0.000000
shape_offset  0.000000  0.000000
$EndPAD
$EndMODULE  U6

$MODULE U7
footprint Package_SO:TSSOP-20_4.4x6.5mm_P0.65mm
attribut smd
position 130.750000 80.750000  orientation 90.00
layer back
$PAD "1"
Shape Roundrect Layer back
position -2.862500  2.925000  size  1.475000  0.400000  orientation 0.00
drill  0.000000
shape_offset  0.000000  0.000000
$EndPAD
$PAD "2"
Shape Roundrect Layer back
position -2.862500  2.275000  size  1.475000  0.400000  orientation 0.00
drill  0.000000
shape_offset  0.000000  0.000000
$EndPAD
$PAD "3"
Shape Roundrect Layer back
position -2.862500  1.625000  size  1.475000  0.400000  orientation 0.00
drill  0.000000
shape_offset  0.000000  0.000000
$EndPAD
$PAD "4"
Shape Roundrect Layer back
position -2.862500  0.975000  size  1.475000  0.400000  orientation 0.00
drill  0.000000
shape_offset  0.000000  0.000000
$EndPAD
$PAD "5"
Shape Roundrect Layer back
position -2.862500  0.325000  size  1.475000  0.400000  orientation 0.00
drill  0.000000
shape_offset  0.000000  0.000000
$EndPAD
$PAD "6"
Shape Roundrect Layer back
position -2.862500 -0.325000  size  1.475000  0.400000  orientation 0.00
drill  0.000000
shape_offset  0.000000  0.000000
$EndPAD
$PAD "7"
Shape Roundrect Layer back
position -2.862500 -0.975000  size  1.475000  0.400000  orientation 0.00
drill  0.000000
shape_offset  0.000000  0.000000
$EndPAD
$PAD "8"
Shape Roundrect Layer back
position -2.862500 -1.625000  size  1.475000  0.400000  orientation 0.00
drill  0.000000
shape_offset  0.000000  0.000000
$EndPAD
$PAD "9"
Shape Roundrect Layer back
position -2.862500 -2.275000  size  1.475000  0.400000  orientation 0.00
drill  0.000000
shape_offset  0.000000  0.000000
$EndPAD
$PAD "10"
Shape Roundrect Layer back
position -2.862500 -2.925000  size  1.475000  0.400000  orientation 0.00
drill  0.000000
shape_offset  0.000000  0.000000
$EndPAD
$PAD "11"
Shape Roundrect Layer back
position  2.862500 -2.925000  size  1.475000  0.400000  orientation 0.00
drill  0.000000
shape_offset  0.000000  0.000000
$EndPAD
$PAD "12"
Shape Roundrect Layer back
position  2.862500 -2.275000  size  1.475000  0.400000  orientation 0.00
drill  0.000000
shape_offset  0.000000  0.000000
$EndPAD
$PAD "13"
Shape Roundrect Layer back
position  2.862500 -1.625000  size  1.475000  0.400000  orientation 0.00
drill  0.000000
shape_offset  0.000000  0.000000
$EndPAD
$PAD "14"
Shape Roundrect Layer back
position  2.862500 -0.975000  size  1.475000  0.400000  orientation 0.00
drill  0.000000
shape_offset  0.000000  0.000000
$EndPAD
$PAD "15"
Shape Roundrect Layer back
position  2.862500 -0.325000  size  1.475000  0.400000  orientation 0.00
drill  0.000000
shape_offset  0.000000  0.000000
$EndPAD
$PAD "16"
Shape Roundrect Layer back
position  2.862500  0.325000  size  1.475000  0.400000  orientation 0.00
drill  0.000000
shape_offset  0.000000  0.000000
$EndPAD
$PAD "17"
Shape Roundrect Layer back
position  2.862500  0.975000  size  1.475000  0.400000  orientation 0.00
drill  0.000000
shape_offset  0.000000  0.000000
$EndPAD
$PAD "18"
Shape Roundrect Layer back
position  2.862500  1.625000  size  1.475000  0.400000  orientation 0.00
drill  0.000000
shape_offset  0.000000  0.000000
$EndPAD
$PAD "19"
Shape Roundrect Layer back
position  2.862500  2.275000  size  1.475000  0.400000  orientation 0.00
drill  0.000000
shape_offset  0.000000  0.000000
$EndPAD
$PAD "20"
Shape Roundrect Layer back
position  2.862500  2.925000  size  1.475000  0.400000  orientation 0.00
drill  0.000000
shape_offset  0.000000  0.000000
$EndPAD
$EndMODULE  U7

$MODULE U8
footprint Package_TO_SOT_SMD:SOT-23-5
attribut smd
position 134.750000 67.250000  orientation 0.00
layer back
$PAD "1"
Shape Roundrect Layer back
position -1.137500  0.950000  size  1.325000  0.600000  orientation 0.00
drill  0.000000
shape_offset  0.000000  0.000000
$EndPAD
$PAD "2"
Shape Roundrect Layer back
position -1.137500  0.000000  size  1.325000  0.600000  orientation 0.00
drill  0.000000
shape_offset  0.000000  0.000000
$EndPAD
$PAD "3"
Shape Roundrect Layer back
position -1.137500 -0.950000  size  1.325000  0.600000  orientation 0.00
drill  0.000000
shape_offset  0.000000  0.000000
$EndPAD
$PAD "4"
Shape Roundrect Layer back
position  1.137500 -0.950000  size  1.325000  0.600000  orientation 0.00
drill  0.000000
shape_offset  0.000000  0.000000
$EndPAD
$PAD "5"
Shape Roundrect Layer back
position  1.137500  0.950000  size  1.325000  0.600000  orientation 0.00
drill  0.000000
shape_offset  0.000000  0.000000
$EndPAD
$EndMODULE  U8

$MODULE U9
footprint Package_DFN_QFN:WQFN-16-1EP_3x3mm_P0.5mm_EP1.6x1.6mm_ThermalVias
attribut smd
position 128.250000 92.500000  orientation -90.00
layer back
$PAD ""
Shape Roundrect Layer nocopper
position -0.400000 -0.400000  size  0.690000  0.690000  orientation 360.00
drill  0.000000
shape_offset  0.000000  0.000000
$EndPAD
$PAD ""
Shape Roundrect Layer nocopper
position -0.400000  0.400000  size  0.690000  0.690000  orientation 360.00
drill  0.000000
shape_offset  0.000000  0.000000
$EndPAD
$PAD ""
Shape Roundrect Layer nocopper
position  0.400000 -0.400000  size  0.690000  0.690000  orientation 360.00
drill  0.000000
shape_offset  0.000000  0.000000
$EndPAD
$PAD ""
Shape Roundrect Layer nocopper
position  0.400000  0.400000  size  0.690000  0.690000  orientation 360.00
drill  0.000000
shape_offset  0.000000  0.000000
$EndPAD
$PAD "1"
Shape Roundrect Layer back
position -1.437500  0.750000  size  0.875000  0.250000  orientation 360.00
drill  0.000000
shape_offset  0.000000  0.000000
$EndPAD
$PAD "2"
Shape Roundrect Layer back
position -1.437500  0.250000  size  0.875000  0.250000  orientation 360.00
drill  0.000000
shape_offset  0.000000  0.000000
$EndPAD
$PAD "3"
Shape Roundrect Layer back
position -1.437500 -0.250000  size  0.875000  0.250000  orientation 360.00
drill  0.000000
shape_offset  0.000000  0.000000
$EndPAD
$PAD "4"
Shape Roundrect Layer back
position -1.437500 -0.750000  size  0.875000  0.250000  orientation 360.00
drill  0.000000
shape_offset  0.000000  0.000000
$EndPAD
$PAD "5"
Shape Roundrect Layer back
position -0.750000 -1.437500  size  0.250000  0.875000  orientation 360.00
drill  0.000000
shape_offset  0.000000  0.000000
$EndPAD
$PAD "6"
Shape Roundrect Layer back
position -0.250000 -1.437500  size  0.250000  0.875000  orientation 360.00
drill  0.000000
shape_offset  0.000000  0.000000
$EndPAD
$PAD "7"
Shape Roundrect Layer back
position  0.250000 -1.437500  size  0.250000  0.875000  orientation 360.00
drill  0.000000
shape_offset  0.000000  0.000000
$EndPAD
$PAD "8"
Shape Roundrect Layer back
position  0.750000 -1.437500  size  0.250000  0.875000  orientation 360.00
drill  0.000000
shape_offset  0.000000  0.000000
$EndPAD
$PAD "9"
Shape Roundrect Layer back
position  1.437500 -0.750000  size  0.875000  0.250000  orientation 360.00
drill  0.000000
shape_offset  0.000000  0.000000
$EndPAD
$PAD "10"
Shape Roundrect Layer back
position  1.437500 -0.250000  size  0.875000  0.250000  orientation 360.00
drill  0.000000
shape_offset  0.000000  0.000000
$EndPAD
$PAD "11"
Shape Roundrect Layer back
position  1.437500  0.250000  size  0.875000  0.250000  orientation 360.00
drill  0.000000
shape_offset  0.000000  0.000000
$EndPAD
$PAD "12"
Shape Roundrect Layer back
position  1.437500  0.750000  size  0.875000  0.250000  orientation 360.00
drill  0.000000
shape_offset  0.000000  0.000000
$EndPAD
$PAD "13"
Shape Roundrect Layer back
position  0.750000  1.437500  size  0.250000  0.875000  orientation 360.00
drill  0.000000
shape_offset  0.000000  0.000000
$EndPAD
$PAD "14"
Shape Roundrect Layer back
position  0.250000  1.437500  size  0.250000  0.875000  orientation 360.00
drill  0.000000
shape_offset  0.000000  0.000000
$EndPAD
$PAD "15"
Shape Roundrect Layer back
position -0.250000  1.437500  size  0.250000  0.875000  orientation 360.00
drill  0.000000
shape_offset  0.000000  0.000000
$EndPAD
$PAD "16"
Shape Roundrect Layer back
position -0.750000  1.437500  size  0.250000  0.875000  orientation 360.00
drill  0.000000
shape_offset  0.000000  0.000000
$EndPAD
$PAD "17"
Shape Circle Layer both
position -0.550000 -0.550000  size  0.500000  0.500000  orientation 360.00
drill  0.200000
shape_offset  0.000000  0.000000
$EndPAD
$PAD "17"
Shape Circle Layer both
position -0.550000  0.550000  size  0.500000  0.500000  orientation 360.00
drill  0.200000
shape_offset  0.000000  0.000000
$EndPAD
$PAD "17"
Shape Rect Layer front
position  0.000000  0.000000  size  1.600000  1.600000  orientation 360.00
drill  0.000000
shape_offset  0.000000  0.000000
$EndPAD
$PAD "17"
Shape Rect Layer back
position  0.000000  0.000000  size  1.600000  1.600000  orientation 360.00
drill  0.000000
shape_offset  0.000000  0.000000
$EndPAD
$PAD "17"
Shape Circle Layer both
position  0.550000 -0.550000  size  0.500000  0.500000  orientation 360.00
drill  0.200000
shape_offset  0.000000  0.000000
$EndPAD
$PAD "17"
Shape Circle Layer both
position  0.550000  0.550000  size  0.500000  0.500000  orientation 360.00
drill  0.200000
shape_offset  0.000000  0.000000
$EndPAD
$EndMODULE  U9

$MODULE Y1
footprint Crystal:Crystal_SMD_3225-4Pin_3.2x2.5mm
attribut smd
position 144.905000 88.500000  orientation 0.00
layer back
$PAD "1"
Shape Rect Layer back
position -1.100000 -0.850000  size  1.400000  1.200000  orientation 0.00
drill  0.000000
shape_offset  0.000000  0.000000
$EndPAD
$PAD "2"
Shape Rect Layer back
position  1.100000 -0.850000  size  1.400000  1.200000  orientation 0.00
drill  0.000000
shape_offset  0.000000  0.000000
$EndPAD
$PAD "3"
Shape Rect Layer back
position  1.100000  0.850000  size  1.400000  1.200000  orientation 0.00
drill  0.000000
shape_offset  0.000000  0.000000
$EndPAD
$PAD "4"
Shape Rect Layer back
position -1.100000  0.850000  size  1.400000  1.200000  orientation 0.00
drill  0.000000
shape_offset  0.000000  0.000000
$EndPAD
$EndMODULE  Y1

$MODULE Y2
footprint Crystal:Crystal_SMD_3225-4Pin_3.2x2.5mm
attribut smd
position 118.900000 88.500000  orientation 0.00
layer back
$PAD "1"
Shape Rect Layer back
position -1.100000 -0.850000  size  1.400000  1.200000  orientation 0.00
drill  0.000000
shape_offset  0.000000  0.000000
$EndPAD
$PAD "2"
Shape Rect Layer back
position  1.100000 -0.850000  size  1.400000  1.200000  orientation 0.00
drill  0.000000
shape_offset  0.000000  0.000000
$EndPAD
$PAD "3"
Shape Rect Layer back
position  1.100000  0.850000  size  1.400000  1.200000  orientation 0.00
drill  0.000000
shape_offset  0.000000  0.000000
$EndPAD
$PAD "4"
Shape Rect Layer back
position -1.100000  0.850000  size  1.400000  1.200000  orientation 0.00
drill  0.000000
shape_offset  0.000000  0.000000
$EndPAD
$EndMODULE  Y2

$EndDESCRIPTION
